dataset,lr,max_depth,n_estimators,metric,mean,std
Brazilian_houses,0.001,3,50,r2,0.07810150280477698,0.0014774548799332337
Brazilian_houses,0.001,3,50,mse,0.581252719122998,0.01422539360958136
Brazilian_houses,0.001,3,100,r2,0.1499283223166938,0.0026535234121897715
Brazilian_houses,0.001,3,100,mse,0.5359754222746401,0.013571900340499043
Brazilian_houses,0.001,3,500,r2,0.5435374505008534,0.009937109074785325
Brazilian_houses,0.001,3,500,mse,0.28785870449465145,0.011190008585922367
Brazilian_houses,0.001,3,1000,r2,0.7757916827234032,0.01448147789732411
Brazilian_houses,0.001,3,1000,mse,0.14144862567763128,0.011047252369801289
Brazilian_houses,0.001,5,50,r2,0.08336504524560111,0.0014518683040575773
Brazilian_houses,0.001,5,50,mse,0.5779331921201837,0.01410709863316192
Brazilian_houses,0.001,5,100,r2,0.16001539100154055,0.002787719394019995
Brazilian_houses,0.001,5,100,mse,0.5296170578823933,0.013487724144167847
Brazilian_houses,0.001,5,500,r2,0.5755614729991665,0.01049110561161413
Brazilian_houses,0.001,5,500,mse,0.2676736507223806,0.011130808898129573
Brazilian_houses,0.001,5,1000,r2,0.8094877295469567,0.015111499401923446
Brazilian_houses,0.001,5,1000,mse,0.1202093177841674,0.01114323984144777
Brazilian_houses,0.001,10,50,r2,0.08577958507463429,0.0016133691585786861
Brazilian_houses,0.001,10,50,mse,0.5764123893100257,0.014139026982041569
Brazilian_houses,0.001,10,100,r2,0.16431261047762305,0.003023653438775356
Brazilian_houses,0.001,10,100,mse,0.5269100966980722,0.013533783224541875
Brazilian_houses,0.001,10,500,r2,0.5880746522893399,0.011119525028277776
Brazilian_houses,0.001,10,500,mse,0.2597878457214454,0.01131119293610062
Brazilian_houses,0.001,10,1000,r2,0.8223801823664187,0.015643793160101237
Brazilian_houses,0.001,10,1000,mse,0.11208899470198372,0.011409621580542017
Brazilian_houses,0.01,3,50,r2,0.5448689382821323,0.010126945883365056
Brazilian_houses,0.01,3,50,mse,0.28702161221834854,0.011308145873933197
Brazilian_houses,0.01,3,100,r2,0.7777266130929618,0.014395200349779617
Brazilian_houses,0.01,3,100,mse,0.1402278290369888,0.0109717942927532
Brazilian_houses,0.01,3,500,r2,0.9828754675493732,0.01614088973491811
Brazilian_houses,0.01,3,500,mse,0.010893025143524086,0.010431360389235134
Brazilian_houses,0.01,3,1000,r2,0.9897760337507048,0.012595605935489735
Brazilian_houses,0.01,3,1000,mse,0.006518768007024204,0.008128040169982635
Brazilian_houses,0.01,5,50,r2,0.5754175802363994,0.010049331789948482
Brazilian_houses,0.01,5,50,mse,0.267758732189891,0.010830873966481115
Brazilian_houses,0.01,5,100,r2,0.8096322782224327,0.015140780007836861
Brazilian_houses,0.01,5,100,mse,0.12011796937080448,0.011158703974461736
Brazilian_houses,0.01,5,500,r2,0.9870147407374112,0.014605948260571459
Brazilian_houses,0.01,5,500,mse,0.008282191753701974,0.009421125256083025
Brazilian_houses,0.01,5,1000,r2,0.9909790898810081,0.012402109740146411
Brazilian_houses,0.01,5,1000,mse,0.005778083324075883,0.007988991448499431
Brazilian_houses,0.01,10,50,r2,0.5892851602611928,0.01090940906597176
Brazilian_houses,0.01,10,50,mse,0.25902604817399794,0.011236332535687184
Brazilian_houses,0.01,10,100,r2,0.8233756894229062,0.01567883595543684
Brazilian_houses,0.01,10,100,mse,0.11146317460635538,0.011437787090328694
Brazilian_houses,0.01,10,500,r2,0.9866246989712252,0.015674863536249202
Brazilian_houses,0.01,10,500,mse,0.008544056942725664,0.01012199656250198
Brazilian_houses,0.01,10,1000,r2,0.9893458483337199,0.014043689060216373
Brazilian_houses,0.01,10,1000,mse,0.006827742585603419,0.009065848609080168
Brazilian_houses,0.1,3,50,r2,0.9819466733318517,0.01603611036833526
Brazilian_houses,0.1,3,50,mse,0.011478454832206364,0.010368231868963221
Brazilian_houses,0.1,3,100,r2,0.988706510446525,0.012351387298909163
Brazilian_houses,0.1,3,100,mse,0.007191312794910617,0.007971796379730374
Brazilian_houses,0.1,3,500,r2,0.9918280209247003,0.009010290627282152
Brazilian_houses,0.1,3,500,mse,0.005185871526704918,0.005820475753310878
Brazilian_houses,0.1,3,1000,r2,0.9921220142097793,0.00880207443049403
Brazilian_houses,0.1,3,1000,mse,0.0049972696296379775,0.005686960253961442
Brazilian_houses,0.1,5,50,r2,0.9862739144988675,0.014244405351927973
Brazilian_houses,0.1,5,50,mse,0.008748934350867507,0.009195538070019178
Brazilian_houses,0.1,5,100,r2,0.9898289445321311,0.012108903007439251
Brazilian_houses,0.1,5,100,mse,0.006500489624650429,0.007801864386643512
Brazilian_houses,0.1,5,500,r2,0.9924581918622929,0.010325815585353585
Brazilian_houses,0.1,5,500,mse,0.0048314022898188385,0.006655643832851042
Brazilian_houses,0.1,5,1000,r2,0.992643261348159,0.010289379616132325
Brazilian_houses,0.1,5,1000,mse,0.004714465198542466,0.006630738434130774
Brazilian_houses,0.1,10,50,r2,0.985814551964196,0.015470418830296227
Brazilian_houses,0.1,10,50,mse,0.009054782366195106,0.009992966300940757
Brazilian_houses,0.1,10,100,r2,0.9886103747313661,0.01402233944229163
Brazilian_houses,0.1,10,100,mse,0.007290557045341803,0.009049482200042477
Brazilian_houses,0.1,10,500,r2,0.9907402911354998,0.013175947400987377
Brazilian_houses,0.1,10,500,mse,0.005943831093528465,0.00849020720599901
Brazilian_houses,0.1,10,1000,r2,0.9908720282647062,0.01312051495488287
Brazilian_houses,0.1,10,1000,mse,0.005860131732842927,0.008453660488428967
Brazilian_houses,0.3,3,50,r2,0.9871517347029177,0.010563606495003475
Brazilian_houses,0.3,3,50,mse,0.00814310407305611,0.0068095220424023864
Brazilian_houses,0.3,3,100,r2,0.9896318946651614,0.009433142740481374
Brazilian_houses,0.3,3,100,mse,0.006565509305831096,0.006068616939967614
Brazilian_houses,0.3,3,500,r2,0.9911912975803305,0.008840088436514485
Brazilian_houses,0.3,3,500,mse,0.005572815054797061,0.0056699312015245674
Brazilian_houses,0.3,3,1000,r2,0.9914912276112242,0.008818472540521836
Brazilian_houses,0.3,3,1000,mse,0.005382689717114425,0.005654033975091274
Brazilian_houses,0.3,5,50,r2,0.9888508095765701,0.012156524692396984
Brazilian_houses,0.3,5,50,mse,0.007120228203939695,0.00785321679424385
Brazilian_houses,0.3,5,100,r2,0.9910798027450367,0.011248174308239631
Brazilian_houses,0.3,5,100,mse,0.005709243959183397,0.007258371461203514
Brazilian_houses,0.3,5,500,r2,0.9921662614636781,0.010936026353891829
Brazilian_houses,0.3,5,500,mse,0.005022855890288752,0.007052546952638103
Brazilian_houses,0.3,5,1000,r2,0.9922484617146529,0.010894413621191104
Brazilian_houses,0.3,5,1000,mse,0.004970490889913767,0.00702458049303517
Brazilian_houses,0.3,10,50,r2,0.9883735200588644,0.013757732230706653
Brazilian_houses,0.3,10,50,mse,0.00744140037323629,0.008896047379109921
Brazilian_houses,0.3,10,100,r2,0.9896557878150671,0.013493118251770794
Brazilian_houses,0.3,10,100,mse,0.0066331214356431635,0.008717490767798854
Brazilian_houses,0.3,10,500,r2,0.9902250246987917,0.013348593815563694
Brazilian_houses,0.3,10,500,mse,0.0062732114286125325,0.008619827742954302
Brazilian_houses,0.3,10,1000,r2,0.9902509199617132,0.013346174272106836
Brazilian_houses,0.3,10,1000,mse,0.006256883931167812,0.008618146561295089
wine,0.001,3,50,r2,0.018198879985713602,0.004564146626089022
wine,0.001,3,50,mse,0.7456501362564126,0.042714757577544546
wine,0.001,3,100,r2,0.037307899693633594,0.0054015675267200846
wine,0.001,3,100,mse,0.7311614090294896,0.042328984340252805
wine,0.001,3,500,r2,0.14548860953872217,0.013407566663365874
wine,0.001,3,500,mse,0.6490872915110237,0.04014084054548865
wine,0.001,3,1000,r2,0.2151129990810506,0.02022970101418879
wine,0.001,3,1000,mse,0.5962133139730386,0.03914748920266375
wine,0.001,5,50,r2,0.020702624134481262,0.004411693678354203
wine,0.001,5,50,mse,0.7437617233753274,0.042823851087671054
wine,0.001,5,100,r2,0.04225759067524334,0.005141580686168726
wine,0.001,5,100,mse,0.7274167014733328,0.04235043262538483
wine,0.001,5,500,r2,0.16438203936388587,0.013102699666944407
wine,0.001,5,500,mse,0.6347868914350127,0.040087138691245056
wine,0.001,5,1000,r2,0.24316982870339438,0.0195880780854457
wine,0.001,5,1000,mse,0.574969890596669,0.038843517001665585
wine,0.001,10,50,r2,0.02322445387547396,0.004296751385027173
wine,0.001,10,50,mse,0.7418466694731778,0.04272241547920892
wine,0.001,10,100,r2,0.04730130337403925,0.004583500934943243
wine,0.001,10,100,mse,0.7235929725269993,0.04223338172807904
wine,0.001,10,500,r2,0.18642932286255198,0.012249815169810222
wine,0.001,10,500,mse,0.6180964254786957,0.039912173807465895
wine,0.001,10,1000,r2,0.28036952928805514,0.01902885846261966
wine,0.001,10,1000,mse,0.5468056338341042,0.03851324867650493
wine,0.01,3,50,r2,0.14682892126747643,0.013517097911160564
wine,0.01,3,50,mse,0.648091116508898,0.04042518777675158
wine,0.01,3,100,r2,0.2163910938722767,0.020281123589144166
wine,0.01,3,100,mse,0.5952613152999338,0.03937378515667926
wine,0.01,3,500,r2,0.3288871487615512,0.026803370076327875
wine,0.01,3,500,mse,0.5095212596575767,0.03345116697167348
wine,0.01,3,1000,r2,0.36123036181351587,0.02709234404158649
wine,0.01,3,1000,mse,0.484914024485525,0.03184789428831467
wine,0.01,5,50,r2,0.1655584192783615,0.013580204529579998
wine,0.01,5,50,mse,0.6339045462538628,0.040320709877048715
wine,0.01,5,100,r2,0.243393557001835,0.020482314712516336
wine,0.01,5,100,mse,0.5748245240313342,0.03945531162917397
wine,0.01,5,500,r2,0.36376503884672917,0.026527596004095724
wine,0.01,5,500,mse,0.4831736643309982,0.03418290842008717
wine,0.01,5,1000,r2,0.39204984620956373,0.027968360688612085
wine,0.01,5,1000,mse,0.4616823130287571,0.0337714772401857
wine,0.01,10,50,r2,0.1854204161106828,0.012337250625958758
wine,0.01,10,50,mse,0.618859334870257,0.03992545061891143
wine,0.01,10,100,r2,0.2800066244597418,0.018929206125406342
wine,0.01,10,100,mse,0.5470595377726859,0.038161004196308065
wine,0.01,10,500,r2,0.419507342471098,0.029165718522523868
wine,0.01,10,500,mse,0.4409957206379955,0.035551272716326646
wine,0.01,10,1000,r2,0.4512039666553195,0.02999425923621812
wine,0.01,10,1000,mse,0.4169616395035766,0.03538437352288978
wine,0.1,3,50,r2,0.3323510932269002,0.026836605122348867
wine,0.1,3,50,mse,0.5069689343942512,0.03438638110662361
wine,0.1,3,100,r2,0.3612265001817918,0.028337624198437994
wine,0.1,3,100,mse,0.48494040621029477,0.0327739093217155
wine,0.1,3,500,r2,0.4105757095372983,0.028952424989568123
wine,0.1,3,500,mse,0.44770234272984605,0.034681682473140726
wine,0.1,3,1000,r2,0.4226555680933416,0.02829464363307636
wine,0.1,3,1000,mse,0.438483622435736,0.033415701034156704
wine,0.1,5,50,r2,0.3602953469955371,0.027919456865838146
wine,0.1,5,50,mse,0.48581483694212135,0.035058346778041
wine,0.1,5,100,r2,0.38507438016098394,0.028460152703977486
wine,0.1,5,100,mse,0.46699030671322433,0.03428755142658041
wine,0.1,5,500,r2,0.43983146153620545,0.032515301632205396
wine,0.1,5,500,mse,0.4256489403397751,0.03762338873944932
wine,0.1,5,1000,r2,0.4600397766703644,0.031570066930404254
wine,0.1,5,1000,mse,0.4102259747262463,0.035615649803286215
wine,0.1,10,50,r2,0.4169356678990754,0.028426268573424056
wine,0.1,10,50,mse,0.44296362665112143,0.03563682511856631
wine,0.1,10,100,r2,0.44672539238318854,0.028851639274394096
wine,0.1,10,100,mse,0.4204171602964821,0.03589140792489757
wine,0.1,10,500,r2,0.5128947574582743,0.028462866618135706
wine,0.1,10,500,mse,0.3702236077883582,0.03410319849467446
wine,0.1,10,1000,r2,0.5205104197366754,0.02701709470037659
wine,0.1,10,1000,mse,0.3644661171715753,0.03333140635745445
wine,0.3,3,50,r2,0.3737542026696753,0.027727239867208688
wine,0.3,3,50,mse,0.4752819401080107,0.02994780423817186
wine,0.3,3,100,r2,0.39548172290090816,0.02370653384383872
wine,0.3,3,100,mse,0.4588909923774157,0.028825827842281257
wine,0.3,3,500,r2,0.42337451461518516,0.021715216132908055
wine,0.3,3,500,mse,0.4377472111819606,0.027587844411821928
wine,0.3,3,1000,r2,0.42591480895764,0.024074485217410173
wine,0.3,3,1000,mse,0.4356947774313341,0.02646738718956329
wine,0.3,5,50,r2,0.39270092506136745,0.032594930519986215
wine,0.3,5,50,mse,0.46132718442424203,0.03794850447983268
wine,0.3,5,100,r2,0.4145570543124365,0.03170275104096641
wine,0.3,5,100,mse,0.4446726448999995,0.03624567052472685
wine,0.3,5,500,r2,0.45058736644201647,0.03547168035899162
wine,0.3,5,500,mse,0.4171630924860871,0.035275859878857695
wine,0.3,5,1000,r2,0.4579559539662312,0.03530458824264257
wine,0.3,5,1000,mse,0.411659890122669,0.03602857132667367
wine,0.3,10,50,r2,0.4378276911446249,0.031522942134288634
wine,0.3,10,50,mse,0.42699078171140525,0.035052295379719975
wine,0.3,10,100,r2,0.4673081108241754,0.03431948261882784
wine,0.3,10,100,mse,0.4046273694872329,0.03613505760196322
wine,0.3,10,500,r2,0.48725400986906153,0.03659133029909795
wine,0.3,10,500,mse,0.38938580357023617,0.035827503100490085
wine,0.3,10,1000,r2,0.4869543902595647,0.035978475268689095
wine,0.3,10,1000,mse,0.38960665904794983,0.035373668039967644
ailerons,0.001,3,50,r2,0.05382167369345714,0.001511803971075282
ailerons,0.001,3,50,mse,1.5586733278795114e-07,8.469765065243295e-09
ailerons,0.001,3,100,r2,0.1039398742448043,0.0022939066916077755
ailerons,0.001,3,100,mse,1.4761280248329673e-07,8.054762491682191e-09
ailerons,0.001,3,500,r2,0.3861829945921971,0.007893614404800594
ailerons,0.001,3,500,mse,1.0111187611579889e-07,5.568014975624018e-09
ailerons,0.001,3,1000,r2,0.5669881704125526,0.009739142586216679
ailerons,0.001,3,1000,mse,7.13179869280413e-08,3.9690099363410285e-09
ailerons,0.001,5,50,r2,0.06207172638123987,0.0013814067666738999
ailerons,0.001,5,50,mse,1.5450841511794383e-07,8.396952144714456e-09
ailerons,0.001,5,100,r2,0.11993864335830964,0.002184317042315651
ailerons,0.001,5,100,mse,1.44977421448897e-07,7.911513821271727e-09
ailerons,0.001,5,500,r2,0.43796400339229746,0.007572688309148765
ailerons,0.001,5,500,mse,9.258641293648458e-08,5.178730961180984e-09
ailerons,0.001,5,1000,r2,0.6308168844337638,0.009832920081129187
ailerons,0.001,5,1000,mse,6.080473905672937e-08,3.473696097482874e-09
ailerons,0.001,10,50,r2,0.0652018406018484,0.001062911424496711
ailerons,0.001,10,50,mse,1.5399599935429167e-07,8.427051411101166e-09
ailerons,0.001,10,100,r2,0.12571604443933523,0.0018303132326418043
ailerons,0.001,10,100,mse,1.4403113592264571e-07,7.957474771419656e-09
ailerons,0.001,10,500,r2,0.4607886510588245,0.007523546552025502
ailerons,0.001,10,500,mse,8.883844667842685e-08,5.1833722233229616e-09
ailerons,0.001,10,1000,r2,0.6587422288057821,0.009840897775640015
ailerons,0.001,10,1000,mse,5.621206669959673e-08,3.3664644176564863e-09
ailerons,0.01,3,50,r2,0.3869682424389002,0.007908628740606704
ailerons,0.01,3,50,mse,1.0098255322034436e-07,5.563445617652476e-09
ailerons,0.01,3,100,r2,0.5676658205921203,0.0100651947113091
ailerons,0.01,3,100,mse,7.120857617331734e-08,4.026029476734995e-09
ailerons,0.01,3,500,r2,0.81575247298814,0.00949106786111129
ailerons,0.01,3,500,mse,3.031834348911744e-08,1.7514128888668903e-09
ailerons,0.01,3,1000,r2,0.8354211241218096,0.008641389416484901
ailerons,0.01,3,1000,mse,2.707591733525532e-08,1.4745868559874437e-09
ailerons,0.01,5,50,r2,0.43809880416097907,0.008105782588887759
ailerons,0.01,5,50,mse,9.256841876549114e-08,5.273940625678648e-09
ailerons,0.01,5,100,r2,0.6315983434498145,0.009953888518835576
ailerons,0.01,5,100,mse,6.067416079500729e-08,3.446872598481736e-09
ailerons,0.01,5,500,r2,0.8327763204932952,0.009048526927701082
ailerons,0.01,5,500,mse,2.750356762817241e-08,1.4073038761787343e-09
ailerons,0.01,5,1000,r2,0.8434769762385912,0.008739664088164787
ailerons,0.01,5,1000,mse,2.5740532086585205e-08,1.30172269018028e-09
ailerons,0.01,10,50,r2,0.4612676110696439,0.007443728193429955
ailerons,0.01,10,50,mse,8.876139181974043e-08,5.212244013985819e-09
ailerons,0.01,10,100,r2,0.6591029096623885,0.009629101949218163
ailerons,0.01,10,100,mse,5.61538016514195e-08,3.369265397298533e-09
ailerons,0.01,10,500,r2,0.8405793942252675,0.009909963917142542
ailerons,0.01,10,500,mse,2.620756741139056e-08,1.3250222303493484e-09
ailerons,0.01,10,1000,r2,0.8479532786609013,0.009719599734032101
ailerons,0.01,10,1000,mse,2.4991179408154554e-08,1.236131560193395e-09
ailerons,0.1,3,50,r2,0.8162923009448877,0.010072092712000384
ailerons,0.1,3,50,mse,3.022515492079526e-08,1.7609345079416916e-09
ailerons,0.1,3,100,r2,0.8340440126956891,0.009125053115829503
ailerons,0.1,3,100,mse,2.729855792027428e-08,1.4812572528597163e-09
ailerons,0.1,3,500,r2,0.847287878111676,0.008263435752575933
ailerons,0.1,3,500,mse,2.5113740750469715e-08,1.2230736397401028e-09
ailerons,0.1,3,1000,r2,0.849913817665519,0.008367738727798642
ailerons,0.1,3,1000,mse,2.4669639562186083e-08,9.766114970796027e-10
ailerons,0.1,5,50,r2,0.832003055165283,0.009674743360099231
ailerons,0.1,5,50,mse,2.762315111753173e-08,1.359899407902057e-09
ailerons,0.1,5,100,r2,0.8418646044999546,0.00922599157725599
ailerons,0.1,5,100,mse,2.5997629867022743e-08,1.2225211180748205e-09
ailerons,0.1,5,500,r2,0.8529494841764761,0.008319527439730613
ailerons,0.1,5,500,mse,2.4173480640888105e-08,1.0638808495755326e-09
ailerons,0.1,5,1000,r2,0.8540635544804642,0.008879109612862271
ailerons,0.1,5,1000,mse,2.3982735247621402e-08,1.0225044630120264e-09
ailerons,0.1,10,50,r2,0.8386682865815462,0.009602859807406581
ailerons,0.1,10,50,mse,2.6520120605012153e-08,1.2258781548671753e-09
ailerons,0.1,10,100,r2,0.8453990836497397,0.0093487335054523
ailerons,0.1,10,100,mse,2.5413022993916604e-08,1.1933967045842095e-09
ailerons,0.1,10,500,r2,0.8542340147359961,0.009022161302065502
ailerons,0.1,10,500,mse,2.3954633164526916e-08,1.0358428022715013e-09
ailerons,0.1,10,1000,r2,0.8532575970525966,0.009276394300875263
ailerons,0.1,10,1000,mse,2.4112457819869816e-08,1.0237671102403485e-09
ailerons,0.3,3,50,r2,0.8326234967889944,0.01014503058555302
ailerons,0.3,3,50,mse,2.7514657359981186e-08,1.3204207439688344e-09
ailerons,0.3,3,100,r2,0.8397742746200659,0.009845075778977086
ailerons,0.3,3,100,mse,2.6332003759578448e-08,1.1337749578462666e-09
ailerons,0.3,3,500,r2,0.8476766662855832,0.00984874857243076
ailerons,0.3,3,500,mse,2.501474977864152e-08,7.221801304265405e-10
ailerons,0.3,3,1000,r2,0.8458732798880252,0.010286129232478354
ailerons,0.3,3,1000,mse,2.5306148614320772e-08,6.919906923078939e-10
ailerons,0.3,5,50,r2,0.8392767897233744,0.009695730534950923
ailerons,0.3,5,50,mse,2.6423973359082585e-08,1.339196066085431e-09
ailerons,0.3,5,100,r2,0.8447502220271682,0.009385203054946691
ailerons,0.3,5,100,mse,2.5524043813764472e-08,1.3063863469554265e-09
ailerons,0.3,5,500,r2,0.8487292702869833,0.00998513773852297
ailerons,0.3,5,500,mse,2.485470831943993e-08,1.1487933308009882e-09
ailerons,0.3,5,1000,r2,0.8464742151619566,0.010676395501353525
ailerons,0.3,5,1000,mse,2.5222281765030284e-08,1.2291238833415128e-09
ailerons,0.3,10,50,r2,0.8424703277880174,0.012038177821808046
ailerons,0.3,10,50,mse,2.5876632209447143e-08,1.4166920059572892e-09
ailerons,0.3,10,100,r2,0.8445976611031922,0.011815321229238234
ailerons,0.3,10,100,mse,2.5524457856062194e-08,1.3425833646235463e-09
ailerons,0.3,10,500,r2,0.8410048331722664,0.010595613437785837
ailerons,0.3,10,500,mse,2.6126064628330105e-08,1.261913324575015e-09
ailerons,0.3,10,1000,r2,0.8395828753526973,0.01052058449555621
ailerons,0.3,10,1000,mse,2.6361545316229195e-08,1.2730810193358264e-09
houses,0.001,3,50,r2,0.039982365610381376,0.001105270787986264
houses,0.001,3,50,mse,0.30985320398118943,0.00996373309188148
houses,0.001,3,100,r2,0.07696637112598868,0.001972011835466385
houses,0.001,3,100,mse,0.29791696946810253,0.009618211744325205
houses,0.001,3,500,r2,0.28425918826132446,0.007144912623144731
houses,0.001,3,500,mse,0.2310072163013866,0.007687794142045492
houses,0.001,3,1000,r2,0.41833154073700635,0.011012866207123656
houses,0.001,3,1000,mse,0.1877224197076277,0.006599887082602935
houses,0.001,5,50,r2,0.04741026630963783,0.0009576557892210421
houses,0.001,5,50,mse,0.3074570667800435,0.009924979796129767
houses,0.001,5,100,r2,0.09142026999910743,0.0016926898053904536
houses,0.001,5,100,mse,0.2932519582899704,0.009467432476138234
houses,0.001,5,500,r2,0.3382858544382776,0.0065111710421084995
houses,0.001,5,500,mse,0.2135661756381919,0.0069876735064953125
houses,0.001,5,1000,r2,0.4992696843569611,0.009993651105803122
houses,0.001,5,1000,mse,0.16159018920538626,0.0054525370437931275
houses,0.001,10,50,r2,0.05773115288511519,0.000855486583117675
houses,0.001,10,50,mse,0.30412498920043285,0.009787433410998355
houses,0.001,10,100,r2,0.11119191892289708,0.0015344287700678632
houses,0.001,10,100,mse,0.28686969771784443,0.00923366695418487
houses,0.001,10,500,r2,0.4052483108876908,0.005377846589520176
houses,0.001,10,500,mse,0.19194842487700736,0.006048158655729706
houses,0.001,10,1000,r2,0.5817406703307354,0.008155166429028653
houses,0.001,10,1000,mse,0.13496712020780527,0.004225890343903156
houses,0.01,3,50,r2,0.2845374902880238,0.007321494268070829
houses,0.01,3,50,mse,0.2309173101101143,0.0077009535011094005
houses,0.01,3,100,r2,0.41758404264458343,0.01044380865368441
houses,0.01,3,100,mse,0.18796645549098118,0.006590438200176452
houses,0.01,3,500,r2,0.6870064867990021,0.01486964333149651
houses,0.01,3,500,mse,0.1009720984237846,0.004794768694114476
houses,0.01,3,1000,r2,0.75370722948909,0.014143777209585743
houses,0.01,3,1000,mse,0.07943863350953233,0.004220489204383619
houses,0.01,5,50,r2,0.3394169786357545,0.006977965691640911
houses,0.01,5,50,mse,0.21320131742358198,0.007031516155808482
houses,0.01,5,100,r2,0.5002817479317178,0.010284630667020202
houses,0.01,5,100,mse,0.16126966032702333,0.005676341639131342
houses,0.01,5,500,r2,0.744287482038144,0.013577210884515667
houses,0.01,5,500,mse,0.08247929890263647,0.004065565621223326
houses,0.01,5,1000,r2,0.7908725250025513,0.012505647093609141
houses,0.01,5,1000,mse,0.06744515238184123,0.003627328906759605
houses,0.01,10,50,r2,0.40772340825396985,0.005471736259220769
houses,0.01,10,50,mse,0.19115124690812327,0.006086520220372834
houses,0.01,10,100,r2,0.5836978942060154,0.008526597707184242
houses,0.01,10,100,mse,0.13433918109125748,0.004399433255041203
houses,0.01,10,500,r2,0.7949507144779984,0.01114816986539876
houses,0.01,10,500,mse,0.06613652796681316,0.0032996296712072873
houses,0.01,10,1000,r2,0.8224779441891567,0.010398123648702434
houses,0.01,10,1000,mse,0.057260155494182174,0.0031411930512532547
houses,0.1,3,50,r2,0.690810138186804,0.015210120024001435
houses,0.1,3,50,mse,0.09973825614931661,0.004779004570691883
houses,0.1,3,100,r2,0.7530544637723886,0.014192550939990986
houses,0.1,3,100,mse,0.07964893170108638,0.004255220458548992
houses,0.1,3,500,r2,0.8189585357892561,0.009887928412061587
houses,0.1,3,500,mse,0.05839412569560247,0.0029665426089672286
houses,0.1,3,1000,r2,0.8307367163674175,0.008808238999293037
houses,0.1,3,1000,mse,0.05459213862102354,0.0025624020626131335
houses,0.1,5,50,r2,0.7456645343065531,0.012929355485191993
houses,0.1,5,50,mse,0.08205165681622066,0.004199590036336029
houses,0.1,5,100,r2,0.7908477338195625,0.011157963614489102
houses,0.1,5,100,mse,0.06745963570272118,0.0033142166686527287
houses,0.1,5,500,r2,0.8386685245289558,0.009315452235378068
houses,0.1,5,500,mse,0.05204328050438345,0.002913820332687333
houses,0.1,5,1000,r2,0.8482980879113325,0.008197056297264157
houses,0.1,5,1000,mse,0.04893674824173532,0.0025602043495449264
houses,0.1,10,50,r2,0.7949587982284557,0.011914284540028717
houses,0.1,10,50,mse,0.06612771301538171,0.003436567043828378
houses,0.1,10,100,r2,0.8200836222851475,0.011162001432442286
houses,0.1,10,100,mse,0.05803660279010666,0.0034643860533120838
houses,0.1,10,500,r2,0.8493067203582767,0.010431953459872533
houses,0.1,10,500,mse,0.0486048870534291,0.0031600935272141735
houses,0.1,10,1000,r2,0.8533252755937569,0.010421997547457202
houses,0.1,10,1000,mse,0.04731461956469541,0.0032510559217614927
houses,0.3,3,50,r2,0.7769283223054367,0.01554772100831284
houses,0.3,3,50,mse,0.07194950329212228,0.004727357878508795
houses,0.3,3,100,r2,0.8018657235818878,0.013490324392619551
houses,0.3,3,100,mse,0.06390409490359103,0.004062246968897185
houses,0.3,3,500,r2,0.8345383000849129,0.00916831898890845
houses,0.3,3,500,mse,0.05335869170283218,0.002535580055299014
houses,0.3,3,1000,r2,0.8404427173997698,0.009251821061830963
houses,0.3,3,1000,mse,0.051452009275830504,0.0025511325465769306
houses,0.3,5,50,r2,0.8063826847823423,0.009743446180083023
houses,0.3,5,50,mse,0.06247054133615915,0.003307947530510431
houses,0.3,5,100,r2,0.8249676565659698,0.009387276252236088
houses,0.3,5,100,mse,0.05647985903310589,0.0032521109997035546
houses,0.3,5,500,r2,0.8476389982508401,0.00847424098419618
houses,0.3,5,500,mse,0.049163235525574694,0.0028901809110788105
houses,0.3,5,1000,r2,0.849583021152991,0.009399173026141643
houses,0.3,5,1000,mse,0.048539056830018815,0.0032149644555883477
houses,0.3,10,50,r2,0.8233452498378189,0.010953772657063602
houses,0.3,10,50,mse,0.05697808109657071,0.0033126077530540514
houses,0.3,10,100,r2,0.8350485131652279,0.011067761993743735
houses,0.3,10,100,mse,0.0532088735013921,0.0034457823155390954
houses,0.3,10,500,r2,0.8426382657402727,0.010979875066724471
houses,0.3,10,500,mse,0.05077227412893047,0.003587516246616435
houses,0.3,10,1000,r2,0.8422908153048331,0.011143245383633113
houses,0.3,10,1000,mse,0.05088697477211192,0.003670555255471803
house_16H,0.001,3,50,r2,0.02605632541773879,0.003965151527792833
house_16H,0.001,3,50,mse,0.7572239683939321,0.1434024384390152
house_16H,0.001,3,100,r2,0.05102815722524704,0.0074803879020328085
house_16H,0.001,3,100,mse,0.7382843650627283,0.14261468568255525
house_16H,0.001,3,500,r2,0.19821504585162333,0.026761551185104773
house_16H,0.001,3,500,mse,0.6263940566675027,0.13649636581963404
house_16H,0.001,3,1000,r2,0.3036557793780047,0.038463261798847924
house_16H,0.001,3,1000,mse,0.5458730436790542,0.12994989585446587
house_16H,0.001,5,50,r2,0.03244522389608724,0.004376782803088873
house_16H,0.001,5,50,mse,0.7522950174079391,0.14268981536336875
house_16H,0.001,5,100,r2,0.06292960761444433,0.00829769506168481
house_16H,0.001,5,100,mse,0.7291082502487216,0.14130357577700584
house_16H,0.001,5,500,r2,0.2354660172782949,0.02944905534686726
house_16H,0.001,5,500,mse,0.597519913964889,0.13158288493613374
house_16H,0.001,5,1000,r2,0.34679362954730675,0.040390691809654995
house_16H,0.001,5,1000,mse,0.5121203890570276,0.1226240380132885
house_16H,0.001,10,50,r2,0.036145394815848976,0.004849311427417925
house_16H,0.001,10,50,mse,0.7495502378976198,0.1430100118032061
house_16H,0.001,10,100,r2,0.07009285588426215,0.009226730670705736
house_16H,0.001,10,100,mse,0.7237755479816043,0.14180970553702418
house_16H,0.001,10,500,r2,0.2605249202017784,0.033789392465247675
house_16H,0.001,10,500,mse,0.5791075077501545,0.1346333514656313
house_16H,0.001,10,1000,r2,0.3802949286122579,0.046228554352760416
house_16H,0.001,10,1000,mse,0.4875619522188595,0.12666623083738687
house_16H,0.01,3,50,r2,0.19776453111081682,0.027498454264938643
house_16H,0.01,3,50,mse,0.6268942478246371,0.1375086296023748
house_16H,0.01,3,100,r2,0.3041101758114527,0.03903331092559111
house_16H,0.01,3,100,mse,0.5456208628400668,0.1305633203751961
house_16H,0.01,3,500,r2,0.4812391214098028,0.04672791398326259
house_16H,0.01,3,500,mse,0.4066013118740348,0.09869180544376778
house_16H,0.01,3,1000,r2,0.5139155766118515,0.05207017014760982
house_16H,0.01,3,1000,mse,0.38046047615135054,0.09162690807680109
house_16H,0.01,5,50,r2,0.23548810444698792,0.029159203497804407
house_16H,0.01,5,50,mse,0.597471783903136,0.131416652293939
house_16H,0.01,5,100,r2,0.34727683696979655,0.03960618012917994
house_16H,0.01,5,100,mse,0.5116829411926767,0.1221604106977036
house_16H,0.01,5,500,r2,0.5093170399460168,0.05010683851377156
house_16H,0.01,5,500,mse,0.38447044639354744,0.09386043052321451
house_16H,0.01,5,1000,r2,0.5378213383608308,0.054690430998252354
house_16H,0.01,5,1000,mse,0.36163652297875093,0.08789250860828302
house_16H,0.01,10,50,r2,0.26001197054830133,0.03332579950677987
house_16H,0.01,10,50,mse,0.5793993251113245,0.13402935968081037
house_16H,0.01,10,100,r2,0.3802101458973889,0.046120351591204506
house_16H,0.01,10,100,mse,0.4875481606730726,0.12614267888125386
house_16H,0.01,10,500,r2,0.5341972366084321,0.05663934310201301
house_16H,0.01,10,500,mse,0.3672069124954693,0.10168816792859521
house_16H,0.01,10,1000,r2,0.5566833897625278,0.062060918494900336
house_16H,0.01,10,1000,mse,0.3496255150653914,0.09925681014586155
house_16H,0.1,3,50,r2,0.4804581496504895,0.04351907082754676
house_16H,0.1,3,50,mse,0.407113794379807,0.09739205523321424
house_16H,0.1,3,100,r2,0.513107554825236,0.05345215466029983
house_16H,0.1,3,100,mse,0.38111025122123043,0.09223276226310702
house_16H,0.1,3,500,r2,0.5349177305589248,0.06049669858452193
house_16H,0.1,3,500,mse,0.3636553808278161,0.08842407195280572
house_16H,0.1,3,1000,r2,0.5407450926302279,0.05779835969153568
house_16H,0.1,3,1000,mse,0.3593654354378528,0.08799345255071217
house_16H,0.1,5,50,r2,0.5115734984057775,0.04921244909504552
house_16H,0.1,5,50,mse,0.3825843526935594,0.09268323991855962
house_16H,0.1,5,100,r2,0.5359473796556162,0.053735083849939524
house_16H,0.1,5,100,mse,0.3631791343473019,0.08811918803338464
house_16H,0.1,5,500,r2,0.5579797083951638,0.06158091731854755
house_16H,0.1,5,500,mse,0.3447656963040283,0.0812368172818602
house_16H,0.1,5,1000,r2,0.5631296979372443,0.06277186066659507
house_16H,0.1,5,1000,mse,0.34121078614850864,0.08282444840091316
house_16H,0.1,10,50,r2,0.526118395254051,0.05453421475188817
house_16H,0.1,10,50,mse,0.3731919878814077,0.10091928518198966
house_16H,0.1,10,100,r2,0.5431943601349405,0.05831484878151495
house_16H,0.1,10,100,mse,0.3598403247677118,0.09910880574650804
house_16H,0.1,10,500,r2,0.5594810032526996,0.06541340930723902
house_16H,0.1,10,500,mse,0.3471950306500097,0.09879189180407064
house_16H,0.1,10,1000,r2,0.558383700579973,0.065768358351191
house_16H,0.1,10,1000,mse,0.34807894384433974,0.09920272561489706
house_16H,0.3,3,50,r2,0.5166716001461674,0.05932369124221167
house_16H,0.3,3,50,mse,0.37760576350181796,0.09026914210049691
house_16H,0.3,3,100,r2,0.5298770798834354,0.06291412243598034
house_16H,0.3,3,100,mse,0.36711633020249035,0.08788883339416098
house_16H,0.3,3,500,r2,0.5421699710444133,0.06008851883505996
house_16H,0.3,3,500,mse,0.3567416919393584,0.08168181502118417
house_16H,0.3,3,1000,r2,0.5420905251784038,0.06257227690980882
house_16H,0.3,3,1000,mse,0.3565276891119134,0.08139385957023364
house_16H,0.3,5,50,r2,0.525322521609693,0.05743712874593578
house_16H,0.3,5,50,mse,0.37081761194037793,0.08669336147811901
house_16H,0.3,5,100,r2,0.5346056742481231,0.061435464255995394
house_16H,0.3,5,100,mse,0.3638882347649977,0.0884651427392249
house_16H,0.3,5,500,r2,0.5459287046572499,0.06099796477384974
house_16H,0.3,5,500,mse,0.3552326814049446,0.08734871307093975
house_16H,0.3,5,1000,r2,0.5422918452889248,0.06064311534332545
house_16H,0.3,5,1000,mse,0.35800009369111085,0.08752212246136469
house_16H,0.3,10,50,r2,0.5385130144390878,0.06721399153022589
house_16H,0.3,10,50,mse,0.3635146301780244,0.10232623017971
house_16H,0.3,10,100,r2,0.5434029802387752,0.07268758129226263
house_16H,0.3,10,100,mse,0.3600580408006724,0.1049217659119993
house_16H,0.3,10,500,r2,0.5403564554725945,0.07393988711299401
house_16H,0.3,10,500,mse,0.36248653419599225,0.10591707663975249
house_16H,0.3,10,1000,r2,0.5390593217878072,0.07389502860282135
house_16H,0.3,10,1000,mse,0.36346771934540917,0.10597158247168602
Bike_Sharing_Demand,0.001,3,50,r2,0.04419427397314829,0.0006405207984143678
Bike_Sharing_Demand,0.001,3,50,mse,31552.200173826852,1204.8237432357648
Bike_Sharing_Demand,0.001,3,100,r2,0.08446512640948181,0.0012425064782128502
Bike_Sharing_Demand,0.001,3,100,mse,30222.970384541462,1158.4783878084415
Bike_Sharing_Demand,0.001,3,500,r2,0.3004785001883591,0.004347859705089814
Bike_Sharing_Demand,0.001,3,500,mse,23091.31897919772,874.2463383169295
Bike_Sharing_Demand,0.001,3,1000,r2,0.42419551131823363,0.005578501350520165
Bike_Sharing_Demand,0.001,3,1000,mse,19005.368280022645,678.1700671231712
Bike_Sharing_Demand,0.001,5,50,r2,0.05120613858839662,0.0006562729918243975
Bike_Sharing_Demand,0.001,5,50,mse,31320.06077245163,1178.263538763369
Bike_Sharing_Demand,0.001,5,100,r2,0.09807808638916352,0.0012560248200342223
Bike_Sharing_Demand,0.001,5,100,mse,29772.36636053182,1108.7707459094559
Bike_Sharing_Demand,0.001,5,500,r2,0.3541439772582823,0.0048067012458785485
Bike_Sharing_Demand,0.001,5,500,mse,21316.083591823764,707.577056329982
Bike_Sharing_Demand,0.001,5,1000,r2,0.5012954646837051,0.00739863781248753
Bike_Sharing_Demand,0.001,5,1000,mse,16455.894521542865,475.6158613755147
Bike_Sharing_Demand,0.001,10,50,r2,0.055962932614005215,0.0006428240939148084
Bike_Sharing_Demand,0.001,10,50,mse,31163.120456308134,1174.7414709035577
Bike_Sharing_Demand,0.001,10,100,r2,0.10718697520953471,0.0012692725711005819
Bike_Sharing_Demand,0.001,10,100,mse,29471.789355249493,1100.8971161567185
Bike_Sharing_Demand,0.001,10,500,r2,0.3862030148394391,0.0046850298921883565
Bike_Sharing_Demand,0.001,10,500,mse,20259.50296630872,718.9690373861478
Bike_Sharing_Demand,0.001,10,1000,r2,0.5471649153167862,0.0075394404134743204
Bike_Sharing_Demand,0.001,10,1000,mse,14943.947551477686,498.86157388152725
Bike_Sharing_Demand,0.01,3,50,r2,0.30112831736873585,0.004392700869033475
Bike_Sharing_Demand,0.01,3,50,mse,23069.89753863725,874.189198780762
Bike_Sharing_Demand,0.01,3,100,r2,0.42444811364394114,0.005731244431776291
Bike_Sharing_Demand,0.01,3,100,mse,18996.48160503344,663.548386519285
Bike_Sharing_Demand,0.01,3,500,r2,0.6321539293803342,0.012522866858723983
Bike_Sharing_Demand,0.01,3,500,mse,12130.900465122717,299.21822634272144
Bike_Sharing_Demand,0.01,3,1000,r2,0.6675991139346681,0.013096824007705062
Bike_Sharing_Demand,0.01,3,1000,mse,10962.50508290792,360.8171904891682
Bike_Sharing_Demand,0.01,5,50,r2,0.3542026343136614,0.00496593284350589
Bike_Sharing_Demand,0.01,5,50,mse,21314.404195342468,716.6703100576599
Bike_Sharing_Demand,0.01,5,100,r2,0.5008446397116201,0.007775783849287379
Bike_Sharing_Demand,0.01,5,100,mse,16470.26391277863,464.6574446054572
Bike_Sharing_Demand,0.01,5,500,r2,0.6689512787218064,0.013113523461816438
Bike_Sharing_Demand,0.01,5,500,mse,10918.130260619471,369.15926596060416
Bike_Sharing_Demand,0.01,5,1000,r2,0.6883870763638286,0.014060605014605716
Bike_Sharing_Demand,0.01,5,1000,mse,10276.900805575098,406.59298713074907
Bike_Sharing_Demand,0.01,10,50,r2,0.3878062608600451,0.005005598500667462
Bike_Sharing_Demand,0.01,10,50,mse,20206.28202230491,711.0352978475055
Bike_Sharing_Demand,0.01,10,100,r2,0.5486158884150282,0.008455155487063716
Bike_Sharing_Demand,0.01,10,100,mse,14895.199650170965,487.44223097919263
Bike_Sharing_Demand,0.01,10,500,r2,0.6958487302524511,0.01282241135309936
Bike_Sharing_Demand,0.01,10,500,mse,10032.334123055096,403.86287691445244
Bike_Sharing_Demand,0.01,10,1000,r2,0.7078284942437805,0.013159137215168372
Bike_Sharing_Demand,0.01,10,1000,mse,9636.55805298653,403.36935375990004
Bike_Sharing_Demand,0.1,3,50,r2,0.6324344576447424,0.012487534524646352
Bike_Sharing_Demand,0.1,3,50,mse,12120.926313645834,267.6012553165009
Bike_Sharing_Demand,0.1,3,100,r2,0.6675801681574944,0.012263511253284344
Bike_Sharing_Demand,0.1,3,100,mse,10963.541828460775,342.6747151059243
Bike_Sharing_Demand,0.1,3,500,r2,0.6984836222323685,0.013420611206367743
Bike_Sharing_Demand,0.1,3,500,mse,9944.535846541694,403.91618474461126
Bike_Sharing_Demand,0.1,3,1000,r2,0.7033041671832394,0.013979880825196158
Bike_Sharing_Demand,0.1,3,1000,mse,9784.33686061806,396.7798785034469
Bike_Sharing_Demand,0.1,5,50,r2,0.6697145100711296,0.013157337763861821
Bike_Sharing_Demand,0.1,5,50,mse,10892.863309063196,369.22799146083594
Bike_Sharing_Demand,0.1,5,100,r2,0.6882331044955817,0.014625782570327346
Bike_Sharing_Demand,0.1,5,100,mse,10281.7808780573,424.0415663508389
Bike_Sharing_Demand,0.1,5,500,r2,0.7068378174156885,0.015072797429333882
Bike_Sharing_Demand,0.1,5,500,mse,9667.32215948842,429.39417899996334
Bike_Sharing_Demand,0.1,5,1000,r2,0.7087317244915641,0.01444556231255894
Bike_Sharing_Demand,0.1,5,1000,mse,9604.101070524139,389.10681017818183
Bike_Sharing_Demand,0.1,10,50,r2,0.6954904103321897,0.012761116920786188
Bike_Sharing_Demand,0.1,10,50,mse,10045.247819047132,429.72058012233373
Bike_Sharing_Demand,0.1,10,100,r2,0.7070257662179135,0.013342496914858767
Bike_Sharing_Demand,0.1,10,100,mse,9663.25509060284,415.9792920668081
Bike_Sharing_Demand,0.1,10,500,r2,0.7138781166017227,0.012480494416459882
Bike_Sharing_Demand,0.1,10,500,mse,9436.102024328344,359.82051895930675
Bike_Sharing_Demand,0.1,10,1000,r2,0.7056466668343933,0.011968555265276824
Bike_Sharing_Demand,0.1,10,1000,mse,9708.266517224456,356.88880939947535
Bike_Sharing_Demand,0.3,3,50,r2,0.6782086764686088,0.013961233287101681
Bike_Sharing_Demand,0.3,3,50,mse,10613.036205316104,413.86244331481083
Bike_Sharing_Demand,0.3,3,100,r2,0.6911709295981836,0.013363525785593588
Bike_Sharing_Demand,0.3,3,100,mse,10186.180541045638,413.7922849109106
Bike_Sharing_Demand,0.3,3,500,r2,0.7038771325940238,0.014393839776083857
Bike_Sharing_Demand,0.3,3,500,mse,9765.531457916113,415.4584032546164
Bike_Sharing_Demand,0.3,3,1000,r2,0.703649504581054,0.013604505458324718
Bike_Sharing_Demand,0.3,3,1000,mse,9773.435657541599,396.3288698765838
Bike_Sharing_Demand,0.3,5,50,r2,0.6939385572526042,0.01318584494851066
Bike_Sharing_Demand,0.3,5,50,mse,10096.113435237065,436.0919912163713
Bike_Sharing_Demand,0.3,5,100,r2,0.7020117023881753,0.013696132175947994
Bike_Sharing_Demand,0.3,5,100,mse,9828.41751593995,422.1754438788106
Bike_Sharing_Demand,0.3,5,500,r2,0.7048247303188444,0.013833286009132539
Bike_Sharing_Demand,0.3,5,500,mse,9733.227550128655,370.02876911072514
Bike_Sharing_Demand,0.3,5,1000,r2,0.6993466129576902,0.014438602885326413
Bike_Sharing_Demand,0.3,5,1000,mse,9914.789662970497,413.6285900325887
Bike_Sharing_Demand,0.3,10,50,r2,0.7064988649826339,0.012841251963670629
Bike_Sharing_Demand,0.3,10,50,mse,9682.089072873376,434.43782914278296
Bike_Sharing_Demand,0.3,10,100,r2,0.7076927255415068,0.0125000659830592
Bike_Sharing_Demand,0.3,10,100,mse,9641.124555762624,387.9467072928741
Bike_Sharing_Demand,0.3,10,500,r2,0.6856648703433728,0.013111833919461531
Bike_Sharing_Demand,0.3,10,500,mse,10369.454817608366,447.1431650345812
Bike_Sharing_Demand,0.3,10,1000,r2,0.6701967123582782,0.013209130690193638
Bike_Sharing_Demand,0.3,10,1000,mse,10880.48336475818,467.37913199183174
house_sales,0.001,3,50,r2,0.05962193253785629,0.0014230783548305817
house_sales,0.001,3,50,mse,0.26149677602320404,0.009593880739468028
house_sales,0.001,3,100,r2,0.11419548905612475,0.0025434595302158388
house_sales,0.001,3,100,mse,0.2463300231201746,0.009306239289685238
house_sales,0.001,3,500,r2,0.41331511885847094,0.007257128256527395
house_sales,0.001,3,500,mse,0.16318755370157706,0.007424085224235203
house_sales,0.001,3,1000,r2,0.5929400822811928,0.00849237876460653
house_sales,0.001,3,1000,mse,0.11324015382089991,0.00582513805986839
house_sales,0.001,5,50,r2,0.06364905175134919,0.00129920890857379
house_sales,0.001,5,50,mse,0.2603755552700974,0.009513584705834273
house_sales,0.001,5,100,r2,0.12217124739894221,0.002244157868849596
house_sales,0.001,5,100,mse,0.24410898878060966,0.009132894008633471
house_sales,0.001,5,500,r2,0.4449904791106521,0.006762045237969121
house_sales,0.001,5,500,mse,0.15437218909563516,0.00690721516742624
house_sales,0.001,5,1000,r2,0.6398477474697646,0.007903355194417217
house_sales,0.001,5,1000,mse,0.10018868177433973,0.0051528336746787355
house_sales,0.001,10,50,r2,0.06835255873062082,0.0011807295667097708
house_sales,0.001,10,50,mse,0.25906630791235596,0.009427671638697727
house_sales,0.001,10,100,r2,0.1312301813189196,0.0021078558610963735
house_sales,0.001,10,100,mse,0.2415892557356683,0.009020943370424715
house_sales,0.001,10,500,r2,0.47975346068999025,0.006525310233555334
house_sales,0.001,10,500,mse,0.14470711415150997,0.006587938246714092
house_sales,0.001,10,1000,r2,0.6867917314440707,0.007257178392924099
house_sales,0.001,10,1000,mse,0.08713446224364822,0.004631765385071266
house_sales,0.01,3,50,r2,0.4141595428010012,0.007082436174356875
house_sales,0.01,3,50,mse,0.16295116804295914,0.007362595507645165
house_sales,0.01,3,100,r2,0.5938266992578132,0.008415396049693413
house_sales,0.01,3,100,mse,0.1129931619735793,0.0057957199820323265
house_sales,0.01,3,500,r2,0.8264493072524086,0.007329230609726217
house_sales,0.01,3,500,mse,0.04825946226675794,0.002665032923865774
house_sales,0.01,3,1000,r2,0.8565158426722078,0.006887492746232279
house_sales,0.01,3,1000,mse,0.03989396450225697,0.0022905967446564916
house_sales,0.01,5,50,r2,0.44583854852900345,0.006598175935402429
house_sales,0.01,5,50,mse,0.15413808131756274,0.006924732670054038
house_sales,0.01,5,100,r2,0.640910127753876,0.007750219265366316
house_sales,0.01,5,100,mse,0.09989337426351949,0.005127136226724161
house_sales,0.01,5,500,r2,0.8571549232309901,0.006427506981230544
house_sales,0.01,5,500,mse,0.03971680273771648,0.0021996153395140083
house_sales,0.01,5,1000,r2,0.8756981080135912,0.006343308694772366
house_sales,0.01,5,1000,mse,0.034556279098031314,0.001999416572446328
house_sales,0.01,10,50,r2,0.4816759964418228,0.0064266747221437305
house_sales,0.01,10,50,mse,0.14417152890581333,0.006534410262731766
house_sales,0.01,10,100,r2,0.6878636657443519,0.006972488697350528
house_sales,0.01,10,100,mse,0.08683490121701089,0.004556427993693337
house_sales,0.01,10,500,r2,0.876785721257858,0.005791076760443769
house_sales,0.01,10,500,mse,0.034260456014819404,0.0019858302928484417
house_sales,0.01,10,1000,r2,0.886739568782511,0.00583628858189491
house_sales,0.01,10,1000,mse,0.0314891332140337,0.001881293414440255
house_sales,0.1,3,50,r2,0.8275436155560415,0.006977174766512322
house_sales,0.1,3,50,mse,0.04795804481872943,0.002635351210173398
house_sales,0.1,3,100,r2,0.8566169797134515,0.006906361193580765
house_sales,0.1,3,100,mse,0.03986350078089582,0.00224946216493548
house_sales,0.1,3,500,r2,0.8840918908898457,0.0066087080117580715
house_sales,0.1,3,500,mse,0.03222201168783299,0.002008666920337893
house_sales,0.1,3,1000,r2,0.8887235383485811,0.007125400147467942
house_sales,0.1,3,1000,mse,0.03092975009027134,0.002053951425730683
house_sales,0.1,5,50,r2,0.857131104855903,0.006418633807003553
house_sales,0.1,5,50,mse,0.03972452993874739,0.002222378700792618
house_sales,0.1,5,100,r2,0.8740802977468715,0.00658897183430523
house_sales,0.1,5,100,mse,0.035006567885243485,0.0020689177765642807
house_sales,0.1,5,500,r2,0.8906606484566122,0.006911030827007331
house_sales,0.1,5,500,mse,0.030390806635857248,0.0019951591552240123
house_sales,0.1,5,1000,r2,0.8926303509664336,0.006803944368812058
house_sales,0.1,5,1000,mse,0.029846743454051517,0.0020141891835642467
house_sales,0.1,10,50,r2,0.8744307509633813,0.006085111960687003
house_sales,0.1,10,50,mse,0.03491609158620436,0.002079649331520823
house_sales,0.1,10,100,r2,0.8843110091019891,0.005821213910062892
house_sales,0.1,10,100,mse,0.03217032842434754,0.001992793068993817
house_sales,0.1,10,500,r2,0.8906991845222993,0.006566005446278749
house_sales,0.1,10,500,mse,0.03038985784676333,0.0020657741694865357
house_sales,0.1,10,1000,r2,0.8895465394400703,0.006892184700456629
house_sales,0.1,10,1000,mse,0.03071206635771037,0.0021784195937341318
house_sales,0.3,3,50,r2,0.863996458849787,0.006933331991364128
house_sales,0.3,3,50,mse,0.0378048451159998,0.0021029092379541074
house_sales,0.3,3,100,r2,0.8759442531950274,0.007098547952849643
house_sales,0.3,3,100,mse,0.03448452636957207,0.002123716846085652
house_sales,0.3,3,500,r2,0.8878147957030087,0.007602343420143631
house_sales,0.3,3,500,mse,0.03118642204350446,0.0022468454450669828
house_sales,0.3,3,1000,r2,0.8887652359040471,0.007818691756199371
house_sales,0.3,3,1000,mse,0.03091862612583484,0.0022529881246257715
house_sales,0.3,5,50,r2,0.8769069980746904,0.007575361670142902
house_sales,0.3,5,50,mse,0.034216086348272313,0.0022299567681664657
house_sales,0.3,5,100,r2,0.8831955147534696,0.007340569438741549
house_sales,0.3,5,100,mse,0.032471459748198116,0.0022037554053609644
house_sales,0.3,5,500,r2,0.8875729048756773,0.007267189097984844
house_sales,0.3,5,500,mse,0.031255936856792024,0.00219783077478302
house_sales,0.3,5,1000,r2,0.8853111984361908,0.007798784230258983
house_sales,0.3,5,1000,mse,0.03188618123256905,0.0023644249030005436
house_sales,0.3,10,50,r2,0.8835372089040643,0.005654502147687748
house_sales,0.3,10,50,mse,0.032380843357288816,0.0018786657806752912
house_sales,0.3,10,100,r2,0.8846192778131463,0.0057894081916690324
house_sales,0.3,10,100,mse,0.03207632626564173,0.0018334888550302635
house_sales,0.3,10,500,r2,0.8811385257211735,0.005732598711830148
house_sales,0.3,10,500,mse,0.03304255181997598,0.0018170889304301543
house_sales,0.3,10,1000,r2,0.8797007536243665,0.005627218095442155
house_sales,0.3,10,1000,mse,0.03344297430648051,0.0018106300322811074
sulfur,0.001,3,50,r2,0.057173526615723724,0.010951416899684945
sulfur,0.001,3,50,mse,0.0024778960680152977,0.0008265489627149237
sulfur,0.001,3,100,r2,0.11107684223589573,0.021470830372895607
sulfur,0.001,3,100,mse,0.002343127677046296,0.0008042360281454582
sulfur,0.001,3,500,r2,0.4065161662458124,0.07105407137170971
sulfur,0.001,3,500,mse,0.0015993585327356067,0.0006715384730377047
sulfur,0.001,3,1000,r2,0.581680496079216,0.08848910832809143
sulfur,0.001,3,1000,mse,0.0011509274271141985,0.0005701187231233189
sulfur,0.001,5,50,r2,0.05839582562931832,0.010899283409694933
sulfur,0.001,5,50,mse,0.0024748230468426566,0.0008260088715980334
sulfur,0.001,5,100,r2,0.11379565258212028,0.02078300357102999
sulfur,0.001,5,100,mse,0.002335989483605637,0.0008018753351647559
sulfur,0.001,5,500,r2,0.4192425788931076,0.06826512437945302
sulfur,0.001,5,500,mse,0.0015653009637289958,0.0006565261864867166
sulfur,0.001,5,1000,r2,0.6006493470836676,0.08535804158195842
sulfur,0.001,5,1000,mse,0.0011004598636922967,0.0005493658714939413
sulfur,0.001,10,50,r2,0.05488516424725105,0.008954412461592159
sulfur,0.001,10,50,mse,0.0024837159760466715,0.0008278785928493026
sulfur,0.001,10,100,r2,0.1069888387004608,0.01737349795078308
sulfur,0.001,10,100,mse,0.002353086697902579,0.0008048693394300188
sulfur,0.001,10,500,r2,0.40363332506276917,0.061853189321887506
sulfur,0.001,10,500,mse,0.0016066979077888738,0.0006698504881998846
sulfur,0.001,10,1000,r2,0.5953589553185143,0.0826609284639833
sulfur,0.001,10,1000,mse,0.0011175159008923268,0.0005639292114138802
sulfur,0.01,3,50,r2,0.4090781941970514,0.06971376378922475
sulfur,0.01,3,50,mse,0.0015917841873448273,0.000665781807415923
sulfur,0.01,3,100,r2,0.5836845982563286,0.08783575893247683
sulfur,0.01,3,100,mse,0.001145655125533458,0.0005677508849780159
sulfur,0.01,3,500,r2,0.7623487304508327,0.08048407236587475
sulfur,0.01,3,500,mse,0.0006585431297255317,0.00037472221322813
sulfur,0.01,3,1000,r2,0.7790244821140021,0.07934313088066046
sulfur,0.01,3,1000,mse,0.0006086175430995187,0.00035556383438236624
sulfur,0.01,5,50,r2,0.419054865505307,0.07011461782492417
sulfur,0.01,5,50,mse,0.0015670781083297395,0.0006623284369387676
sulfur,0.01,5,100,r2,0.6013286929067959,0.0876023972286159
sulfur,0.01,5,100,mse,0.0011005094895899944,0.0005567947595168872
sulfur,0.01,5,500,r2,0.7843821386974134,0.07597207702534452
sulfur,0.01,5,500,mse,0.0005931233620475125,0.0003465668806520433
sulfur,0.01,5,1000,r2,0.805365542307117,0.0684969576683122
sulfur,0.01,5,1000,mse,0.0005300254796949781,0.0003072546259492193
sulfur,0.01,10,50,r2,0.4061306356318182,0.06168884812824498
sulfur,0.01,10,50,mse,0.001600166150778295,0.0006658276446016214
sulfur,0.01,10,100,r2,0.5956215405865897,0.08170800471219841
sulfur,0.01,10,100,mse,0.0011156834664029756,0.0005578472439259517
sulfur,0.01,10,500,r2,0.8158696776844968,0.07013823437755534
sulfur,0.01,10,500,mse,0.0005223146399575297,0.0003360588712268711
sulfur,0.01,10,1000,r2,0.8353186734228398,0.0639474781393149
sulfur,0.01,10,1000,mse,0.00046651349041428134,0.0003022880878229908
sulfur,0.1,3,50,r2,0.7578600141138915,0.08063377675704632
sulfur,0.1,3,50,mse,0.0006729945830004972,0.00038000714281188013
sulfur,0.1,3,100,r2,0.7746655715824138,0.07613364558456245
sulfur,0.1,3,100,mse,0.0006197380556364101,0.00034686377967064433
sulfur,0.1,3,500,r2,0.8069007281455981,0.06681766517559874
sulfur,0.1,3,500,mse,0.0005285285300076727,0.00030622304021287036
sulfur,0.1,3,1000,r2,0.8141543144900648,0.06243829566314973
sulfur,0.1,3,1000,mse,0.0005082772490152931,0.00028879768800030666
sulfur,0.1,5,50,r2,0.7823567849907912,0.07859295864383817
sulfur,0.1,5,50,mse,0.000600077672828739,0.00035428295978640723
sulfur,0.1,5,100,r2,0.805392033295836,0.0713305908357472
sulfur,0.1,5,100,mse,0.0005314613302685935,0.0003160240307383008
sulfur,0.1,5,500,r2,0.8327833557275783,0.06238471771349135
sulfur,0.1,5,500,mse,0.0004606553226469268,0.000279429208743794
sulfur,0.1,5,1000,r2,0.8408056673146314,0.062161114642241125
sulfur,0.1,5,1000,mse,0.0004409569271137985,0.00027431555965521135
sulfur,0.1,10,50,r2,0.8109246262668428,0.07399535621972278
sulfur,0.1,10,50,mse,0.0005365673131478938,0.00034542362599381107
sulfur,0.1,10,100,r2,0.8306135929723227,0.06806402091104562
sulfur,0.1,10,100,mse,0.00048144804201318816,0.0003168748671344512
sulfur,0.1,10,500,r2,0.8565206244206338,0.06533484757384712
sulfur,0.1,10,500,mse,0.0004150937119567147,0.00029353472924179626
sulfur,0.1,10,1000,r2,0.8601685039149899,0.06582659897355665
sulfur,0.1,10,1000,mse,0.0004067103200686947,0.00029367728529158436
sulfur,0.3,3,50,r2,0.7824909695463651,0.08237088700441844
sulfur,0.3,3,50,mse,0.0005994040081692863,0.00036224447952617003
sulfur,0.3,3,100,r2,0.7978043137650486,0.0787086694168488
sulfur,0.3,3,100,mse,0.00055855490578854,0.0003482763400038349
sulfur,0.3,3,500,r2,0.8164055834226988,0.07392425858882382
sulfur,0.3,3,500,mse,0.0005068733469893671,0.0003212128621545543
sulfur,0.3,3,1000,r2,0.8215305274510076,0.07631092048832432
sulfur,0.3,3,1000,mse,0.0004952654720696791,0.00032537920948178185
sulfur,0.3,5,50,r2,0.8070175032177742,0.07221061638563069
sulfur,0.3,5,50,mse,0.0005331416606156315,0.00031797055201504744
sulfur,0.3,5,100,r2,0.8213923105428085,0.06544475593729168
sulfur,0.3,5,100,mse,0.0004936560289561109,0.0002919934087058118
sulfur,0.3,5,500,r2,0.8415342585641353,0.06505593886809434
sulfur,0.3,5,500,mse,0.00044491444163112834,0.0002805091733763257
sulfur,0.3,5,1000,r2,0.8439305653864058,0.06479022971565881
sulfur,0.3,5,1000,mse,0.00043907000156487633,0.00027784751332648924
sulfur,0.3,10,50,r2,0.8345988324785882,0.05840449843332856
sulfur,0.3,10,50,mse,0.000470662951554606,0.00029912204287499546
sulfur,0.3,10,100,r2,0.8452547171363198,0.05900572340596372
sulfur,0.3,10,100,mse,0.00044393566784555556,0.0002934602097939505
sulfur,0.3,10,500,r2,0.8551852971953438,0.06086542774245961
sulfur,0.3,10,500,mse,0.00042010296226546755,0.00029305636078097116
sulfur,0.3,10,1000,r2,0.8559351951281284,0.06099037735079198
sulfur,0.3,10,1000,mse,0.00041834204512449576,0.00029309870847608833
medical_charges,0.001,3,50,r2,0.08417229751224556,0.0003089140846094584
medical_charges,0.001,3,50,mse,0.2945261257863461,0.003997835119678666
medical_charges,0.001,3,100,r2,0.16070678330989094,0.0005657760736841358
medical_charges,0.001,3,100,mse,0.2699135982881028,0.0037127428501132374
medical_charges,0.001,3,500,r2,0.5730487399966708,0.001640412209288878
medical_charges,0.001,3,500,mse,0.13730995616616445,0.0022204665558028806
medical_charges,0.001,3,1000,r2,0.8059678995705998,0.001713410886969983
medical_charges,0.001,3,1000,mse,0.062404896393785755,0.001281437960909715
medical_charges,0.001,5,50,r2,0.08782771797834814,0.00023574503278035922
medical_charges,0.001,5,50,mse,0.293350371282863,0.003967504661838387
medical_charges,0.001,5,100,r2,0.16769636211920397,0.0004299425101181646
medical_charges,0.001,5,100,mse,0.2676655746509862,0.0036651826494743618
medical_charges,0.001,5,500,r2,0.5948543456790459,0.0012232946840530223
medical_charges,0.001,5,500,mse,0.1302961306682958,0.0020196967861509196
medical_charges,0.001,5,1000,r2,0.8265920075831537,0.0012573081254773414
medical_charges,0.001,5,1000,mse,0.055770401940904026,0.00104150689524369
medical_charges,0.001,10,50,r2,0.09066498809169807,0.00020584020221526742
medical_charges,0.001,10,50,mse,0.29243794306433324,0.003956557295063937
medical_charges,0.001,10,100,r2,0.1729213763207115,0.0003649214984028723
medical_charges,0.001,10,100,mse,0.2659851528427593,0.0036354849519701173
medical_charges,0.001,10,500,r2,0.6080422384177282,0.000907289111674645
medical_charges,0.001,10,500,mse,0.12605388374504795,0.001873891700222032
medical_charges,0.001,10,1000,r2,0.8379725734246712,0.000922839225665393
medical_charges,0.001,10,1000,mse,0.052108946335269954,0.0008699623876346692
medical_charges,0.01,3,50,r2,0.5745940916484146,0.001598079639429046
medical_charges,0.01,3,50,mse,0.1368127785834957,0.002198302695064252
medical_charges,0.01,3,100,r2,0.8071530300315233,0.001652028807515941
medical_charges,0.01,3,100,mse,0.06202349761499746,0.001255035149829725
medical_charges,0.01,3,500,r2,0.9784956610055293,0.0007616365994676278
medical_charges,0.01,3,500,mse,0.006915855965464382,0.00026582582076649066
medical_charges,0.01,3,1000,r2,0.9791933194418689,0.0007524147508073806
medical_charges,0.01,3,1000,mse,0.0066914160609721374,0.0002601558894521494
medical_charges,0.01,5,50,r2,0.5962196855506507,0.001373099903117789
medical_charges,0.01,5,50,mse,0.12985704554147776,0.00202439234698745
medical_charges,0.01,5,100,r2,0.8277571859686047,0.0013848643851362482
medical_charges,0.01,5,100,mse,0.055395990088033996,0.00106928910207898
medical_charges,0.01,5,500,r2,0.9789688807199843,0.0007583092950559367
medical_charges,0.01,5,500,mse,0.006763599981113757,0.00026234488569501935
medical_charges,0.01,5,1000,r2,0.9793024993948439,0.0007434726550326729
medical_charges,0.01,5,1000,mse,0.00665626019949026,0.0002562172008598445
medical_charges,0.01,10,50,r2,0.6099459644406379,0.0007990534677015691
medical_charges,0.01,10,50,mse,0.12544145247644967,0.0018467295721424737
medical_charges,0.01,10,100,r2,0.839350692286008,0.000849143790396619
medical_charges,0.01,10,100,mse,0.0516655013989058,0.0008412318973904091
medical_charges,0.01,10,500,r2,0.9792103525939272,0.0007464525683791825
medical_charges,0.01,10,500,mse,0.0066859324745159165,0.00025814998138533817
medical_charges,0.01,10,1000,r2,0.9793459847925302,0.0007271991070174676
medical_charges,0.01,10,1000,mse,0.006642263288054263,0.00025095261270549016
medical_charges,0.1,3,50,r2,0.978132821831395,0.0007579664799966858
medical_charges,0.1,3,50,mse,0.007032587395679709,0.00026653962940712477
medical_charges,0.1,3,100,r2,0.9787169083067718,0.0007485576934288517
medical_charges,0.1,3,100,mse,0.006844672951700619,0.0002609394873103718
medical_charges,0.1,3,500,r2,0.9792072081931537,0.0007259966984375084
medical_charges,0.1,3,500,mse,0.006686889725585574,0.0002507765389555031
medical_charges,0.1,3,1000,r2,0.9792388027900986,0.0007190679124770957
medical_charges,0.1,3,1000,mse,0.0066766272813498645,0.0002459370130553822
medical_charges,0.1,5,50,r2,0.9786956385814636,0.00073900559080258
medical_charges,0.1,5,50,mse,0.0068515999150601525,0.000260287458292107
medical_charges,0.1,5,100,r2,0.9790024994996477,0.0007290648923496671
medical_charges,0.1,5,100,mse,0.006752817016295154,0.0002543319926810939
medical_charges,0.1,5,500,r2,0.9792134383021853,0.0007236278294209885
medical_charges,0.1,5,500,mse,0.00668480661428906,0.00024785660626198313
medical_charges,0.1,5,1000,r2,0.9791611111806386,0.0007032386743392617
medical_charges,0.1,5,1000,mse,0.0067015590173398285,0.00023985576181864343
medical_charges,0.1,10,50,r2,0.978980655200172,0.0007244953034973062
medical_charges,0.1,10,50,mse,0.00675978508626861,0.0002515909448992259
medical_charges,0.1,10,100,r2,0.9791664139908022,0.0007095520367418522
medical_charges,0.1,10,100,mse,0.006700024110252884,0.0002462176965787407
medical_charges,0.1,10,500,r2,0.9790942474945947,0.0006684845594137841
medical_charges,0.1,10,500,mse,0.006723127677129214,0.00023126357886707892
medical_charges,0.1,10,1000,r2,0.9788457413360883,0.0006464523942560252
medical_charges,0.1,10,1000,mse,0.006802932663925005,0.00022167447641746485
medical_charges,0.3,3,50,r2,0.9780943655916723,0.000735216590453293
medical_charges,0.3,3,50,mse,0.007044752042451067,0.00025487223191811525
medical_charges,0.3,3,100,r2,0.9788791621356319,0.0007170587456957716
medical_charges,0.3,3,100,mse,0.006792315882161741,0.0002467841078258989
medical_charges,0.3,3,500,r2,0.9792015901959106,0.0007079681775636363
medical_charges,0.3,3,500,mse,0.006688592795062592,0.000242707097394414
medical_charges,0.3,3,1000,r2,0.97913805504242,0.0006910378740743516
medical_charges,0.3,3,1000,mse,0.006708990084422319,0.00023670851019822815
medical_charges,0.3,5,50,r2,0.9787900473182274,0.0007146330969247043
medical_charges,0.3,5,50,mse,0.0068211826676554425,0.0002514878623073448
medical_charges,0.3,5,100,r2,0.9791421062922542,0.0007221675214672987
medical_charges,0.3,5,100,mse,0.006707877971916675,0.0002509772039532265
medical_charges,0.3,5,500,r2,0.9790028828081851,0.0006486576112387857
medical_charges,0.3,5,500,mse,0.006752264503302317,0.00021843386082434876
medical_charges,0.3,5,1000,r2,0.9787877966376067,0.0006145801309824557
medical_charges,0.3,5,1000,mse,0.006821403803237589,0.00020715276160419879
medical_charges,0.3,10,50,r2,0.9790167965039096,0.000701442248120926
medical_charges,0.3,10,50,mse,0.00674806640635542,0.00024206852992268992
medical_charges,0.3,10,100,r2,0.9790667817016301,0.0006973205069940463
medical_charges,0.3,10,100,mse,0.006731948549999721,0.0002395997534654567
medical_charges,0.3,10,500,r2,0.9784166263555786,0.000670553771677624
medical_charges,0.3,10,500,mse,0.006940991479551866,0.00023110836631849593
medical_charges,0.3,10,1000,r2,0.9778271867005662,0.0006731848558918184
medical_charges,0.3,10,1000,mse,0.007130542781553754,0.00023253612313614737
MiamiHousing2016,0.001,3,50,r2,0.05013794948057239,0.0015558865623131021
MiamiHousing2016,0.001,3,50,mse,0.30806459157470273,0.01910572050467147
MiamiHousing2016,0.001,3,100,r2,0.09656418410294612,0.0028661409881872908
MiamiHousing2016,0.001,3,100,mse,0.29301961272567484,0.018390855511830374
MiamiHousing2016,0.001,3,500,r2,0.3673098652503607,0.00895301701281121
MiamiHousing2016,0.001,3,500,mse,0.20527136197567356,0.014176567597905781
MiamiHousing2016,0.001,3,1000,r2,0.547828353428215,0.011174585742691248
MiamiHousing2016,0.001,3,1000,mse,0.1467421157689845,0.011095697473101728
MiamiHousing2016,0.001,5,50,r2,0.05852597820224074,0.0014310382421806865
MiamiHousing2016,0.001,5,50,mse,0.3053443141052446,0.018940069112301085
MiamiHousing2016,0.001,5,100,r2,0.11276110808408069,0.0025813666082752707
MiamiHousing2016,0.001,5,100,mse,0.28776862862504193,0.01809272791631251
MiamiHousing2016,0.001,5,500,r2,0.4239335499028337,0.007936748424480937
MiamiHousing2016,0.001,5,500,mse,0.18690520952017436,0.012975253988821222
MiamiHousing2016,0.001,5,1000,r2,0.6238645118486571,0.009213197625443705
MiamiHousing2016,0.001,5,1000,mse,0.1220734211158021,0.00932265519876612
MiamiHousing2016,0.001,10,50,r2,0.06590074818051986,0.0009608149524560987
MiamiHousing2016,0.001,10,50,mse,0.3029486269789504,0.01872259929373538
MiamiHousing2016,0.001,10,100,r2,0.12777471132244894,0.0016967489012005223
MiamiHousing2016,0.001,10,100,mse,0.2828930846913389,0.017673027236358548
MiamiHousing2016,0.001,10,500,r2,0.47712317706929186,0.005589973113848355
MiamiHousing2016,0.001,10,500,mse,0.16964025126647597,0.01155119751010166
MiamiHousing2016,0.001,10,1000,r2,0.6946546399137998,0.006482710333577026
MiamiHousing2016,0.001,10,1000,mse,0.09910492009441424,0.0075229719957856205
MiamiHousing2016,0.01,3,50,r2,0.3677994752667015,0.009283502672489867
MiamiHousing2016,0.01,3,50,mse,0.2051155201330756,0.014223216119608039
MiamiHousing2016,0.01,3,100,r2,0.5486869305552426,0.011687146494714697
MiamiHousing2016,0.01,3,100,mse,0.14646951700719682,0.01120495545988262
MiamiHousing2016,0.01,3,500,r2,0.8399958917452104,0.006825089024916888
MiamiHousing2016,0.01,3,500,mse,0.05194431790667052,0.004531332872110235
MiamiHousing2016,0.01,3,1000,r2,0.8838509748822114,0.004820024012129424
MiamiHousing2016,0.01,3,1000,mse,0.0376972459662287,0.0031536382132692515
MiamiHousing2016,0.01,5,50,r2,0.4237701269369323,0.007744758665091228
MiamiHousing2016,0.01,5,50,mse,0.18696252683476838,0.01302871928019883
MiamiHousing2016,0.01,5,100,r2,0.6238921906114433,0.009117003816969721
MiamiHousing2016,0.01,5,100,mse,0.12206592047846292,0.009338201566077214
MiamiHousing2016,0.01,5,500,r2,0.8832617194337772,0.00485830138634566
MiamiHousing2016,0.01,5,500,mse,0.037892240670456254,0.0032241370237067204
MiamiHousing2016,0.01,5,1000,r2,0.9085572232134751,0.0031154836100301584
MiamiHousing2016,0.01,5,1000,mse,0.02967380912127156,0.0023366499025503163
MiamiHousing2016,0.01,10,50,r2,0.4774216051733807,0.006065898346786751
MiamiHousing2016,0.01,10,50,mse,0.16955336158209175,0.011717747206013648
MiamiHousing2016,0.01,10,100,r2,0.6947375880583533,0.00682269690366664
MiamiHousing2016,0.01,10,100,mse,0.09907379717776145,0.007507244513763487
MiamiHousing2016,0.01,10,500,r2,0.9135212868307055,0.0029206804488697553
MiamiHousing2016,0.01,10,500,mse,0.02807600923590039,0.0023491494727644886
MiamiHousing2016,0.01,10,1000,r2,0.9274008363372772,0.0021534054605986974
MiamiHousing2016,0.01,10,1000,mse,0.023565071027294018,0.0018841831152554044
MiamiHousing2016,0.1,3,50,r2,0.8402405800958135,0.007400806885423281
MiamiHousing2016,0.1,3,50,mse,0.05184272701553653,0.004379472643647793
MiamiHousing2016,0.1,3,100,r2,0.8827067427022145,0.005705496513142917
MiamiHousing2016,0.1,3,100,mse,0.038057995369096154,0.0032193073996883955
MiamiHousing2016,0.1,3,500,r2,0.9229905014254406,0.0026664401381940356
MiamiHousing2016,0.1,3,500,mse,0.02497642418596974,0.0017959082565265608
MiamiHousing2016,0.1,3,1000,r2,0.9306510750812509,0.002786604491815775
MiamiHousing2016,0.1,3,1000,mse,0.022485967778256392,0.0016039503577098097
MiamiHousing2016,0.1,5,50,r2,0.8823210165699921,0.0051321093567815385
MiamiHousing2016,0.1,5,50,mse,0.03819834107793385,0.0032884382008335883
MiamiHousing2016,0.1,5,100,r2,0.906434500561641,0.0036393244889195903
MiamiHousing2016,0.1,5,100,mse,0.03035826945203731,0.002398012854597188
MiamiHousing2016,0.1,5,500,r2,0.9339695555277447,0.0025727250489941253
MiamiHousing2016,0.1,5,500,mse,0.021402490256432143,0.0013976493772082253
MiamiHousing2016,0.1,5,1000,r2,0.9369169244638833,0.00313379769994103
MiamiHousing2016,0.1,5,1000,mse,0.020436257491138997,0.0013171538318098297
MiamiHousing2016,0.1,10,50,r2,0.9113480432112657,0.0034834762401709245
MiamiHousing2016,0.1,10,50,mse,0.02879540311651595,0.0026369453870655484
MiamiHousing2016,0.1,10,100,r2,0.9245249391726142,0.0021079239154300493
MiamiHousing2016,0.1,10,100,mse,0.024497759858778525,0.0019335242588812164
MiamiHousing2016,0.1,10,500,r2,0.9339467729166346,0.002471699726381678
MiamiHousing2016,0.1,10,500,mse,0.021435658079949012,0.0017147550800516243
MiamiHousing2016,0.1,10,1000,r2,0.9335464384131281,0.0028140451148754046
MiamiHousing2016,0.1,10,1000,mse,0.021565171305263548,0.0017710079588914183
MiamiHousing2016,0.3,3,50,r2,0.8913443173333617,0.004383558769970145
MiamiHousing2016,0.3,3,50,mse,0.035237803251292374,0.002554454344733869
MiamiHousing2016,0.3,3,100,r2,0.9103345990481003,0.0027167694126969968
MiamiHousing2016,0.3,3,100,mse,0.02908628215419689,0.0020902112325030795
MiamiHousing2016,0.3,3,500,r2,0.9308149889129714,0.003231469335568742
MiamiHousing2016,0.3,3,500,mse,0.022424549985040607,0.0015534524837830617
MiamiHousing2016,0.3,3,1000,r2,0.9326844993518717,0.004259403457068401
MiamiHousing2016,0.3,3,1000,mse,0.021811420000555866,0.0016842758486459233
MiamiHousing2016,0.3,5,50,r2,0.9126060923498652,0.0026842850850631226
MiamiHousing2016,0.3,5,50,mse,0.028335047485406033,0.0018350517368003886
MiamiHousing2016,0.3,5,100,r2,0.9254228209146262,0.002473185627796077
MiamiHousing2016,0.3,5,100,mse,0.024173473899660472,0.0014928545831212508
MiamiHousing2016,0.3,5,500,r2,0.932677500658577,0.002744183053312661
MiamiHousing2016,0.3,5,500,mse,0.021821018314856888,0.0014258498087060805
MiamiHousing2016,0.3,5,1000,r2,0.9322091722934023,0.0032133481222456277
MiamiHousing2016,0.3,5,1000,mse,0.021964083783324255,0.0014041477521149037
MiamiHousing2016,0.3,10,50,r2,0.9232783365190915,0.0027267177587699926
MiamiHousing2016,0.3,10,50,mse,0.024887381083162467,0.0018563762457815042
MiamiHousing2016,0.3,10,100,r2,0.9266083624258947,0.003081319741865364
MiamiHousing2016,0.3,10,100,mse,0.02380628519123766,0.001825812473527922
MiamiHousing2016,0.3,10,500,r2,0.9259804434218019,0.004540172529862128
MiamiHousing2016,0.3,10,500,mse,0.024005061248246362,0.0020555766661441792
MiamiHousing2016,0.3,10,1000,r2,0.9255886978711112,0.004518360860612623
MiamiHousing2016,0.3,10,1000,mse,0.02413131668251767,0.0020473238378796153
superconduct,0.001,3,50,r2,0.062229155260853965,0.0005204617394179406
superconduct,0.001,3,50,mse,1105.253848736605,23.17044489750157
superconduct,0.001,3,100,r2,0.11922123963103096,0.0010270972772867069
superconduct,0.001,3,100,mse,1038.0903055719962,22.12804730890272
superconduct,0.001,3,500,r2,0.4290961674379874,0.004642968330595954
superconduct,0.001,3,500,mse,672.8957066322243,16.416655662299824
superconduct,0.001,3,1000,r2,0.6119189540473446,0.0070072499620355356
superconduct,0.001,3,1000,mse,457.4074022315178,13.228731380726673
superconduct,0.001,5,50,r2,0.06646118357536657,0.000572267715870184
superconduct,0.001,5,50,mse,1100.2632822461903,22.93117645267181
superconduct,0.001,5,100,r2,0.12759000793279385,0.0012126493266018414
superconduct,0.001,5,100,mse,1028.224938528348,21.832163360597576
superconduct,0.001,5,500,r2,0.46018816775669674,0.004927138530475345
superconduct,0.001,5,500,mse,636.2404919839731,15.362400223519298
superconduct,0.001,5,1000,r2,0.6530380342565877,0.0077466436817546554
superconduct,0.001,5,1000,mse,408.9339300749709,12.690238000186909
superconduct,0.001,10,50,r2,0.07046775250817078,0.0005820696382516717
superconduct,0.001,10,50,mse,1095.5411355888552,22.83254478737814
superconduct,0.001,10,100,r2,0.13544819787280607,0.0012901609691000093
superconduct,0.001,10,100,mse,1018.9611637173736,21.53908218055424
superconduct,0.001,10,500,r2,0.4917035194051452,0.005486479858443355
superconduct,0.001,10,500,mse,599.1018778190406,15.115286774992272
superconduct,0.001,10,1000,r2,0.6979819725126315,0.007462868424076723
superconduct,0.001,10,1000,mse,355.98145295893335,12.218264620460062
superconduct,0.01,3,50,r2,0.4292123655849208,0.004680653422792684
superconduct,0.01,3,50,mse,672.7572890153558,16.372883783624175
superconduct,0.01,3,100,r2,0.6111635347957101,0.00710397393451224
superconduct,0.01,3,100,mse,458.3015963733075,13.446415945384189
superconduct,0.01,3,500,r2,0.809419548476207,0.010765463404838667
superconduct,0.01,3,500,mse,224.57549692282205,12.856639529715698
superconduct,0.01,3,1000,r2,0.8388934820289364,0.009950401452318056
superconduct,0.01,3,1000,mse,189.8471203430928,11.906128983978968
superconduct,0.01,5,50,r2,0.46123965650919646,0.005378014062333063
superconduct,0.01,5,50,mse,635.0004228767854,15.51137195654813
superconduct,0.01,5,100,r2,0.6548200391906406,0.008234610499142536
superconduct,0.01,5,100,mse,406.8397174553496,13.27039255151429
superconduct,0.01,5,500,r2,0.8457338587684647,0.009463397624778217
superconduct,0.01,5,500,mse,181.79183438186527,11.379141225019398
superconduct,0.01,5,1000,r2,0.8692307855480481,0.00824282931867698
superconduct,0.01,5,1000,mse,154.11069994049524,10.022098981851762
superconduct,0.01,10,50,r2,0.4906996985638553,0.005735974645411793
superconduct,0.01,10,50,mse,600.278958226965,15.02051265285043
superconduct,0.01,10,100,r2,0.6975852359065675,0.007594766324012774
superconduct,0.01,10,100,mse,356.43682276278,11.982415346069425
superconduct,0.01,10,500,r2,0.8909036551842867,0.005767914859740852
superconduct,0.01,10,500,mse,128.5910840305353,7.456501509937414
superconduct,0.01,10,1000,r2,0.9073646231998482,0.0048598579899527105
superconduct,0.01,10,1000,mse,109.19478384442087,6.400662722234068
superconduct,0.1,3,50,r2,0.8089027469512239,0.01055822917974483
superconduct,0.1,3,50,mse,225.1796303738201,12.508964224279687
superconduct,0.1,3,100,r2,0.8381308807630108,0.009755227269839102
superconduct,0.1,3,100,mse,190.74692279478722,11.690572865026661
superconduct,0.1,3,500,r2,0.887414548994186,0.007210137130871154
superconduct,0.1,3,500,mse,132.70080470310884,9.025918016330948
superconduct,0.1,3,1000,r2,0.902118998743276,0.0060033738995685275
superconduct,0.1,3,1000,mse,115.3720549619351,7.600839081820388
superconduct,0.1,5,50,r2,0.8431763888930905,0.008716209752282641
superconduct,0.1,5,50,mse,184.81008037349613,10.583451129011415
superconduct,0.1,5,100,r2,0.8673029460199416,0.008129244215242663
superconduct,0.1,5,100,mse,156.39521330677923,10.114152696024021
superconduct,0.1,5,500,r2,0.9089559750912148,0.005397178130384919
superconduct,0.1,5,500,mse,107.30513946036604,6.765826636687244
superconduct,0.1,5,1000,r2,0.9188074597235207,0.004476981863350907
superconduct,0.1,5,1000,mse,95.68840641077635,5.588461141170798
superconduct,0.1,10,50,r2,0.8900695355889635,0.005964410411070237
superconduct,0.1,10,50,mse,129.58075814090003,7.770050410099893
superconduct,0.1,10,100,r2,0.9057161676095168,0.004645244510411808
superconduct,0.1,10,100,mse,111.13261691201485,6.0884479191685985
superconduct,0.1,10,500,r2,0.9256618017559592,0.0045400309895459005
superconduct,0.1,10,500,mse,87.62522445744796,5.823878425558368
superconduct,0.1,10,1000,r2,0.9274869742479994,0.004790500867086134
superconduct,0.1,10,1000,mse,85.45523349712559,5.847451108848492
superconduct,0.3,3,50,r2,0.8484900927231436,0.009082596024909113
superconduct,0.3,3,50,mse,178.53845545742192,10.824948874337103
superconduct,0.3,3,100,r2,0.8707128070026089,0.007951038418556633
superconduct,0.3,3,100,mse,152.36583222323165,9.707336754597462
superconduct,0.3,3,500,r2,0.9049447328571736,0.0055375309370405325
superconduct,0.3,3,500,mse,112.00775248345917,6.537500798326933
superconduct,0.3,3,1000,r2,0.9138677672438668,0.004500193532835429
superconduct,0.3,3,1000,mse,101.48697397066671,5.2416075197874665
superconduct,0.3,5,50,r2,0.8758975882418586,0.007505517986955479
superconduct,0.3,5,50,mse,146.26935655428127,9.367919515453709
superconduct,0.3,5,100,r2,0.8947949129862162,0.006450496094159981
superconduct,0.3,5,100,mse,124.00605003250833,8.151398661937476
superconduct,0.3,5,500,r2,0.9195018979737556,0.0037463295043167377
superconduct,0.3,5,500,mse,94.8773380226889,4.854750802948826
superconduct,0.3,5,1000,r2,0.9228957379252121,0.003653593180766268
superconduct,0.3,5,1000,mse,90.86835440070891,4.573605457890085
superconduct,0.3,10,50,r2,0.9086147031666838,0.005946308630767834
superconduct,0.3,10,50,mse,107.7159614611957,7.448267184843517
superconduct,0.3,10,100,r2,0.9186622050955741,0.005567463881476395
superconduct,0.3,10,100,mse,95.85870449609118,6.778694666332604
superconduct,0.3,10,500,r2,0.9244358959519211,0.005241688766510763
superconduct,0.3,10,500,mse,89.02805759180733,6.0931924572041485
superconduct,0.3,10,1000,r2,0.9236087085544261,0.005251470776361734
superconduct,0.3,10,1000,mse,89.99588761253983,6.020317212669566
cpu,0.001,3,50,r2,0.07775232704945659,0.004797831412822344
cpu,0.001,3,50,mse,298.68152536257355,54.75300682867841
cpu,0.001,3,100,r2,0.15186664917202958,0.005663520671192472
cpu,0.001,3,100,mse,274.6015926161354,49.97215198481009
cpu,0.001,3,500,r2,0.5571815965403852,0.010906266155014674
cpu,0.001,3,500,mse,142.94048481415086,23.953018042917943
cpu,0.001,3,1000,r2,0.7882125636904145,0.011758477300671429
cpu,0.001,3,1000,mse,68.01138849542815,9.747481030073047
cpu,0.001,5,50,r2,0.07693597226523889,0.0042587351588326775
cpu,0.001,5,50,mse,298.982131881471,54.979506112904666
cpu,0.001,5,100,r2,0.150488533864024,0.004703361603092832
cpu,0.001,5,100,mse,275.109848975304,50.35429658721511
cpu,0.001,5,500,r2,0.5555445816811648,0.007689878271604328
cpu,0.001,5,500,mse,143.68988231649567,25.104611984666114
cpu,0.001,5,1000,r2,0.7909673587449514,0.008211098906058995
cpu,0.001,5,1000,mse,67.35903868056042,10.761348143567883
cpu,0.001,10,50,r2,0.07093245409153871,0.0036428577421639325
cpu,0.001,10,50,mse,300.9790617104004,55.57214699793779
cpu,0.001,10,100,r2,0.1391946205779114,0.004096233042316711
cpu,0.001,10,100,mse,278.88474568479785,51.588953244147056
cpu,0.001,10,500,r2,0.5260010644232097,0.009517595175393828
cpu,0.001,10,500,mse,153.57915710961188,28.53763811942374
cpu,0.001,10,1000,r2,0.7623321502392052,0.011153486255314808
cpu,0.001,10,1000,mse,76.95927172700301,14.383080635835032
cpu,0.01,3,50,r2,0.5585493564216593,0.010218758965142008
cpu,0.01,3,50,mse,142.52707848765357,23.992832609088744
cpu,0.01,3,100,r2,0.788675001063188,0.011709245473421575
cpu,0.01,3,100,mse,67.86053971123373,9.69654111983253
cpu,0.01,3,500,r2,0.9717693002597667,0.00496638307608894
cpu,0.01,3,500,mse,8.871276156655822,0.6837353030804039
cpu,0.01,3,1000,r2,0.9777837358761797,0.0038318862082055982
cpu,0.01,3,1000,mse,6.986153235085373,0.5484660978573007
cpu,0.01,5,50,r2,0.5564093250300787,0.007923012326750934
cpu,0.01,5,50,mse,143.37299517179207,24.853346560902335
cpu,0.01,5,100,r2,0.79248559231349,0.008040382667927644
cpu,0.01,5,100,mse,66.84789211944155,10.519044559551801
cpu,0.01,5,500,r2,0.9752639463561517,0.004171231711932009
cpu,0.01,5,500,mse,7.786991737526039,0.6248145221528789
cpu,0.01,5,1000,r2,0.980118873540403,0.003352982648665244
cpu,0.01,5,1000,mse,6.26069481372485,0.5220109276665901
cpu,0.01,10,50,r2,0.5281901145261179,0.010612806758551668
cpu,0.01,10,50,mse,152.79241443893358,28.00799167326001
cpu,0.01,10,100,r2,0.7631405778054612,0.011895503326825672
cpu,0.01,10,100,mse,76.66253158677449,14.203367134297347
cpu,0.01,10,500,r2,0.9709483912458785,0.005084198285526144
cpu,0.01,10,500,mse,9.287372595396452,1.943184214248586
cpu,0.01,10,1000,r2,0.9773429011421676,0.004171564097254717
cpu,0.01,10,1000,mse,7.239150865719994,1.5689799892194867
cpu,0.1,3,50,r2,0.971080874630692,0.0055879854379080034
cpu,0.1,3,50,mse,9.067153857389133,0.7335352162947061
cpu,0.1,3,100,r2,0.9769267111108141,0.004256907534456918
cpu,0.1,3,100,mse,7.249312071088736,0.6375167037261769
cpu,0.1,3,500,r2,0.9835277991026278,0.0026427543156274736
cpu,0.1,3,500,mse,5.197433321351567,0.45505921146516537
cpu,0.1,3,1000,r2,0.9845097367525254,0.002341858583773886
cpu,0.1,3,1000,mse,4.897780573377287,0.4615346791169722
cpu,0.1,5,50,r2,0.9743204025054248,0.004474104826987112
cpu,0.1,5,50,mse,8.075289083939385,0.6598817365170357
cpu,0.1,5,100,r2,0.9792197688447066,0.0033841441604405423
cpu,0.1,5,100,mse,6.5466600445282115,0.5198272768499819
cpu,0.1,5,500,r2,0.9839004700220413,0.0022495125161819994
cpu,0.1,5,500,mse,5.102481736357121,0.5469565092455881
cpu,0.1,5,1000,r2,0.9842677097576036,0.0021472611641810994
cpu,0.1,5,1000,mse,4.991872008820496,0.5677679107723316
cpu,0.1,10,50,r2,0.9696876820359608,0.0057820689673685095
cpu,0.1,10,50,mse,9.626215296501881,1.8636209627469007
cpu,0.1,10,100,r2,0.975605622926988,0.004580682414576864
cpu,0.1,10,100,mse,7.751329032964392,1.503701674984934
cpu,0.1,10,500,r2,0.9783043590087075,0.004061618664018638
cpu,0.1,10,500,mse,6.9016123491863155,1.368099296086451
cpu,0.1,10,1000,r2,0.978332814921185,0.004026862787096384
cpu,0.1,10,1000,mse,6.894700718713127,1.3706478687821302
cpu,0.3,3,50,r2,0.9772664412567178,0.003765097657540931
cpu,0.3,3,50,mse,7.167310932659115,0.7008998875490305
cpu,0.3,3,100,r2,0.9807681315764698,0.0030465669835211657
cpu,0.3,3,100,mse,6.073442791446468,0.6192153695903363
cpu,0.3,3,500,r2,0.9840391351382509,0.002635221588558962
cpu,0.3,3,500,mse,5.0381228534591616,0.489896310154637
cpu,0.3,3,1000,r2,0.9841151912995729,0.00252887124323755
cpu,0.3,3,1000,mse,5.019128176938041,0.48032240006329985
cpu,0.3,5,50,r2,0.978988526671313,0.003301997003533019
cpu,0.3,5,50,mse,6.633746182724157,0.690110228864967
cpu,0.3,5,100,r2,0.9812865930452885,0.0028255680288915746
cpu,0.3,5,100,mse,5.91848630729997,0.6591041453711208
cpu,0.3,5,500,r2,0.9827145391663376,0.002663206529216064
cpu,0.3,5,500,mse,5.46491901424709,0.6030635115878538
cpu,0.3,5,1000,r2,0.9825222776718121,0.0027090320340593067
cpu,0.3,5,1000,mse,5.524432234263807,0.5966680737702633
cpu,0.3,10,50,r2,0.972066622997348,0.006517632872119877
cpu,0.3,10,50,mse,8.873778555040857,2.0743701495865583
cpu,0.3,10,100,r2,0.9734013978853874,0.0059992544809226896
cpu,0.3,10,100,mse,8.452403530015413,1.9353969264369908
cpu,0.3,10,500,r2,0.9735858786930335,0.005888238089765924
cpu,0.3,10,500,mse,8.392041701575913,1.887997024322553
cpu,0.3,10,1000,r2,0.9735655944898058,0.005889879815839941
cpu,0.3,10,1000,mse,8.398858707484317,1.8903810184816894
diamond,0.001,3,50,r2,0.08298009983770435,0.0004838446211037844
diamond,0.001,3,50,mse,0.9412446148994922,0.017740762908014896
diamond,0.001,3,100,r2,0.15863028212260005,0.0007789958228091162
diamond,0.001,3,100,mse,0.8636004924727582,0.016533581540056914
diamond,0.001,3,500,r2,0.5673455904257063,0.0019221564360535374
diamond,0.001,3,500,mse,0.4440980853287475,0.009333764083117925
diamond,0.001,3,1000,r2,0.789594394237094,0.0019637488489360833
diamond,0.001,3,1000,mse,0.21597209552823754,0.004935189924727195
diamond,0.001,5,50,r2,0.08647905528803322,0.0004306655881600917
diamond,0.001,5,50,mse,0.937651066617839,0.017555695972316685
diamond,0.001,5,100,r2,0.1651501473272526,0.0006421432450544813
diamond,0.001,5,100,mse,0.8569038309756303,0.016158722036642464
diamond,0.001,5,500,r2,0.5811962150718638,0.0017818939938762097
diamond,0.001,5,500,mse,0.4298741045550433,0.008674356980890103
diamond,0.001,5,1000,r2,0.8015564643002895,0.0019623810539909237
diamond,0.001,5,1000,mse,0.20368819363943205,0.004460818984515759
diamond,0.001,10,50,r2,0.08768635416491345,0.00044504259538438246
diamond,0.001,10,50,mse,0.9364103752335093,0.017453026029066617
diamond,0.001,10,100,r2,0.16739902295114306,0.000695479425987478
diamond,0.001,10,100,mse,0.8545933767501248,0.01600373291114727
diamond,0.001,10,500,r2,0.5876509820386253,0.0019659697366545717
diamond,0.001,10,500,mse,0.4232448215407955,0.008397335978359857
diamond,0.001,10,1000,r2,0.808096467871402,0.0021657555821583572
diamond,0.001,10,1000,mse,0.19697245797199767,0.00431472803189215
diamond,0.01,3,50,r2,0.5689265571644404,0.0019494182829365748
diamond,0.01,3,50,mse,0.4424759513044396,0.00933697447516881
diamond,0.01,3,100,r2,0.7905474084824439,0.0019301578460725309
diamond,0.01,3,100,mse,0.2149941095794615,0.004912440440360643
diamond,0.01,3,500,r2,0.9417358885219078,0.0019582443628082934
diamond,0.01,3,500,mse,0.059791061141983196,0.0019534818674059695
diamond,0.01,3,1000,r2,0.9437002614866955,0.002011067160917917
diamond,0.01,3,1000,mse,0.05777195381808338,0.001918100591785992
diamond,0.01,5,50,r2,0.5826080706547166,0.0017950827755739878
diamond,0.01,5,50,mse,0.4284248223965954,0.008643270377723843
diamond,0.01,5,100,r2,0.8025536597132733,0.002008660127856681
diamond,0.01,5,100,mse,0.20266375288478367,0.00442270807754172
diamond,0.01,5,500,r2,0.942983759186941,0.002023047728467287
diamond,0.01,5,500,mse,0.05850718019105925,0.0019272686869704152
diamond,0.01,5,1000,r2,0.9445996034427419,0.002047722413739691
diamond,0.01,5,1000,mse,0.056846740508083526,0.001895856343795245
diamond,0.01,10,50,r2,0.5892514735336751,0.0020744833766336845
diamond,0.01,10,50,mse,0.42160273418115857,0.008431494811042502
diamond,0.01,10,100,r2,0.8091454552766004,0.002195878368277793
diamond,0.01,10,100,mse,0.19589665440252538,0.0043563584276942536
diamond,0.01,10,500,r2,0.9441985055900217,0.0019327973041555193
diamond,0.01,10,500,mse,0.05726012886450206,0.0018171430654504675
diamond,0.01,10,1000,r2,0.9457172918742088,0.0019371253475559355
diamond,0.01,10,1000,mse,0.05570041324545747,0.0017956215008426096
diamond,0.1,3,50,r2,0.9414810042261943,0.0020002710432706636
diamond,0.1,3,50,mse,0.06005365527355756,0.002026672927535239
diamond,0.1,3,100,r2,0.9432968333771313,0.0020439257847769954
diamond,0.1,3,100,mse,0.05818619980422263,0.001959350924852926
diamond,0.1,3,500,r2,0.9459185267751293,0.0020459059109451507
diamond,0.1,3,500,mse,0.055492267478944,0.0018727149601383598
diamond,0.1,3,1000,r2,0.9465351789537184,0.002041783206532466
diamond,0.1,3,1000,mse,0.054859018101744025,0.0018582091434967867
diamond,0.1,5,50,r2,0.9426376242520778,0.0021213964254186367
diamond,0.1,5,50,mse,0.05886174809891859,0.0020149273971281057
diamond,0.1,5,100,r2,0.9443159849674071,0.002121105190616787
diamond,0.1,5,100,mse,0.05713699509453827,0.0019545859150794055
diamond,0.1,5,500,r2,0.9467561154268076,0.0019615993723021445
diamond,0.1,5,500,mse,0.054632690593614155,0.0017791844404801466
diamond,0.1,5,1000,r2,0.9471342626556194,0.0019689831886179573
diamond,0.1,5,1000,mse,0.05424475680661421,0.0017934610403133073
diamond,0.1,10,50,r2,0.9439089684243248,0.0019529840077148893
diamond,0.1,10,50,mse,0.057557368459660196,0.0018433707144433075
diamond,0.1,10,100,r2,0.9454602304696256,0.0019120540977091793
diamond,0.1,10,100,mse,0.05596388001992837,0.001756715994098964
diamond,0.1,10,500,r2,0.947213558977291,0.001825943627161296
diamond,0.1,10,500,mse,0.05416371155118159,0.0016360539526537577
diamond,0.1,10,1000,r2,0.9471556158928081,0.0018198374674012387
diamond,0.1,10,1000,mse,0.05422232870138512,0.0016024399981509417
diamond,0.3,3,50,r2,0.9431706127165926,0.002069324589338423
diamond,0.3,3,50,mse,0.05831395303251987,0.0019358173253046125
diamond,0.3,3,100,r2,0.9449976786323901,0.0019274052357493025
diamond,0.3,3,100,mse,0.05643952932568232,0.0018011257409188978
diamond,0.3,3,500,r2,0.9466058878655703,0.0020455821986044703
diamond,0.3,3,500,mse,0.0547854745698908,0.0018338001554390768
diamond,0.3,3,1000,r2,0.9466671167105046,0.0021435685488342586
diamond,0.3,3,1000,mse,0.05471971485584108,0.00186404094545463
diamond,0.3,5,50,r2,0.9446029828567957,0.0019037104195369847
diamond,0.3,5,50,mse,0.0568450630955978,0.001791879316754789
diamond,0.3,5,100,r2,0.9459689501910585,0.0018748063261851322
diamond,0.3,5,100,mse,0.0554422278390808,0.0017314466429249069
diamond,0.3,5,500,r2,0.946771503415302,0.00192126436938688
diamond,0.3,5,500,mse,0.05461525304046564,0.0016791874205589767
diamond,0.3,5,1000,r2,0.9465190481635167,0.0019514546461522942
diamond,0.3,5,1000,mse,0.054874655831309335,0.0017225071437552066
diamond,0.3,10,50,r2,0.945736689316971,0.0018494015869461313
diamond,0.3,10,50,mse,0.05568081124148664,0.0017047234553785695
diamond,0.3,10,100,r2,0.9465936015005069,0.0018311234977572428
diamond,0.3,10,100,mse,0.054801621734840086,0.001695779685820201
diamond,0.3,10,500,r2,0.9459309659672197,0.0017394409397919466
diamond,0.3,10,500,mse,0.055482328294487814,0.001611467922266675
diamond,0.3,10,1000,r2,0.944521197589663,0.0017898069857894383
diamond,0.3,10,1000,mse,0.056930315951246646,0.0017054958345372306
isolet,0.001,3,50,r2,0.026733473298733525,0.0020687308696462382
isolet,0.001,3,50,mse,54.80345593480299,1.496013427807349
isolet,0.001,3,100,r2,0.05282742163952499,0.0024544209764179284
isolet,0.001,3,100,mse,53.333133892007616,1.4207579819746678
isolet,0.001,3,500,r2,0.20907039282107914,0.007765269880185523
isolet,0.001,3,500,mse,44.52838721599183,0.9789054253604902
isolet,0.001,3,1000,r2,0.3288776121946634,0.011723635588993033
isolet,0.001,3,1000,mse,37.7771186449959,0.7224738655458731
isolet,0.001,5,50,r2,0.034065139973112404,0.0020516746222863894
isolet,0.001,5,50,mse,54.39073134226385,1.4892160724076906
isolet,0.001,5,100,r2,0.06737026310905866,0.0023223319217929904
isolet,0.001,5,100,mse,52.51449269864692,1.4075732175876803
isolet,0.001,5,500,r2,0.26329132832310526,0.007935879299101061
isolet,0.001,5,500,mse,41.474514180496215,0.8715602208573406
isolet,0.001,5,1000,r2,0.40984679526937695,0.013106385429248057
isolet,0.001,5,1000,mse,33.21594516609415,0.6170981960372309
isolet,0.001,10,50,r2,0.04119769742481675,0.002366951301930582
isolet,0.001,10,50,mse,53.989041470806455,1.4777407048238325
isolet,0.001,10,100,r2,0.0813020634480811,0.0028290229072018853
isolet,0.001,10,100,mse,51.73007280707518,1.3922606001254183
isolet,0.001,10,500,r2,0.3228486034249227,0.008791798538143703
isolet,0.001,10,500,mse,38.120703046790645,0.806829551948279
isolet,0.001,10,1000,r2,0.49792085241128314,0.014404544999085488
isolet,0.001,10,1000,mse,28.255169124190605,0.5751052800781793
isolet,0.01,3,50,r2,0.2094519651150933,0.008430481482617833
isolet,0.01,3,50,mse,44.506304227362406,0.9699652447345655
isolet,0.01,3,100,r2,0.32944825464718025,0.012698750776265526
isolet,0.01,3,100,mse,37.744064864800265,0.7282898230046735
isolet,0.01,3,500,r2,0.6143019829304042,0.026722061768193358
isolet,0.01,3,500,mse,21.68876359679104,1.1710011038757817
isolet,0.01,3,1000,r2,0.7013734738252573,0.029839816007080654
isolet,0.01,3,1000,mse,16.779819932267372,1.3703270731903576
isolet,0.01,5,50,r2,0.26505601421559766,0.007899110369464474
isolet,0.01,5,50,mse,41.37475745659653,0.8489039866414989
isolet,0.01,5,100,r2,0.4127456407553628,0.013719862535261869
isolet,0.01,5,100,mse,33.05174471690291,0.60238392463684
isolet,0.01,5,500,r2,0.7047081549212277,0.02702546468187962
isolet,0.01,5,500,mse,16.59630081362006,1.222159318122305
isolet,0.01,5,1000,r2,0.7671257659156,0.028084382874013374
isolet,0.01,5,1000,mse,13.07899391094426,1.323956806474576
isolet,0.01,10,50,r2,0.3226201849997431,0.009077634706879334
isolet,0.01,10,50,mse,38.13415394909997,0.843185817629533
dataset,lr,max_depth,n_estimators,metric,mean,std
isolet,0.001,3,50,r2,0.026733473298733525,0.0020687308696462382
isolet,0.001,3,50,mse,54.80345593480299,1.496013427807349
isolet,0.001,3,100,r2,0.05282742163952499,0.0024544209764179284
isolet,0.001,3,100,mse,53.333133892007616,1.4207579819746678
isolet,0.001,3,500,r2,0.20907039282107914,0.007765269880185523
isolet,0.001,3,500,mse,44.52838721599183,0.9789054253604902
isolet,0.001,3,1000,r2,0.3288776121946634,0.011723635588993033
isolet,0.001,3,1000,mse,37.7771186449959,0.7224738655458731
isolet,0.001,5,50,r2,0.034065139973112404,0.0020516746222863894
isolet,0.001,5,50,mse,54.39073134226385,1.4892160724076906
isolet,0.001,5,100,r2,0.06737026310905866,0.0023223319217929904
isolet,0.001,5,100,mse,52.51449269864692,1.4075732175876803
isolet,0.001,5,500,r2,0.26329132832310526,0.007935879299101061
isolet,0.001,5,500,mse,41.474514180496215,0.8715602208573406
isolet,0.001,5,1000,r2,0.40984679526937695,0.013106385429248057
isolet,0.001,5,1000,mse,33.21594516609415,0.6170981960372309
isolet,0.001,10,50,r2,0.04119769742481675,0.002366951301930582
isolet,0.001,10,50,mse,53.989041470806455,1.4777407048238325
isolet,0.001,10,100,r2,0.0813020634480811,0.0028290229072018853
isolet,0.001,10,100,mse,51.73007280707518,1.3922606001254183
isolet,0.001,10,500,r2,0.3228486034249227,0.008791798538143703
isolet,0.001,10,500,mse,38.120703046790645,0.806829551948279
isolet,0.001,10,1000,r2,0.49792085241128314,0.014404544999085488
isolet,0.001,10,1000,mse,28.255169124190605,0.5751052800781793
isolet,0.01,3,50,r2,0.2094519651150933,0.008430481482617833
isolet,0.01,3,50,mse,44.506304227362406,0.9699652447345655
isolet,0.01,3,100,r2,0.32944825464718025,0.012698750776265526
isolet,0.01,3,100,mse,37.744064864800265,0.7282898230046735
isolet,0.01,3,500,r2,0.6143019829304042,0.026722061768193358
isolet,0.01,3,500,mse,21.68876359679104,1.1710011038757817
isolet,0.01,3,1000,r2,0.7013734738252573,0.029839816007080654
isolet,0.01,3,1000,mse,16.779819932267372,1.3703270731903576
isolet,0.01,5,50,r2,0.26505601421559766,0.007899110369464474
isolet,0.01,5,50,mse,41.37475745659653,0.8489039866414989
isolet,0.01,5,100,r2,0.4127456407553628,0.013719862535261869
isolet,0.01,5,100,mse,33.05174471690291,0.60238392463684
isolet,0.01,5,500,r2,0.7047081549212277,0.02702546468187962
isolet,0.01,5,500,mse,16.59630081362006,1.222159318122305
isolet,0.01,5,1000,r2,0.7671257659156,0.028084382874013374
isolet,0.01,5,1000,mse,13.07899391094426,1.323956806474576
isolet,0.01,10,50,r2,0.3226201849997431,0.009077634706879334
isolet,0.01,10,50,mse,38.13415394909997,0.843185817629533
isolet,0.01,10,100,r2,0.4981206108122322,0.015235758261147129
isolet,0.01,10,100,mse,28.243481326072914,0.6218942732955632
isolet,0.01,10,500,r2,0.7747382407439062,0.0257070321371452
isolet,0.01,10,500,mse,12.653259962961638,1.1969488899473055
isolet,0.01,10,1000,r2,0.8115150516564045,0.025350114632330667
isolet,0.01,10,1000,mse,10.582951173285888,1.219746532481812
isolet,0.1,3,50,r2,0.6153120840230221,0.027064048926018627
isolet,0.1,3,50,mse,21.63357103522213,1.2284089337483226
isolet,0.1,3,100,r2,0.6985924457885337,0.02738572312856478
isolet,0.1,3,100,mse,16.941143762256264,1.2622342064693939
isolet,0.1,3,500,r2,0.7942091641991215,0.02372295100569034
isolet,0.1,3,500,mse,11.558344825251918,1.1115897569662248
isolet,0.1,3,1000,r2,0.8118138511981053,0.02221032826955285
isolet,0.1,3,1000,mse,10.569073504868248,1.0491448395523024
isolet,0.1,5,50,r2,0.7039941300957762,0.029559994576349228
isolet,0.1,5,50,mse,16.63514736932644,1.383691194035049
isolet,0.1,5,100,r2,0.7634564502595322,0.029781809944924284
isolet,0.1,5,100,mse,13.282678214816121,1.408862628050141
isolet,0.1,5,500,r2,0.8248792140386234,0.025701348204909494
isolet,0.1,5,500,mse,9.82689355924097,1.229894757388302
isolet,0.1,5,1000,r2,0.8334761874335641,0.02463932906904445
isolet,0.1,5,1000,mse,9.344996751077344,1.1889267856387375
isolet,0.1,10,50,r2,0.7641950011601674,0.027390179311988273
isolet,0.1,10,50,mse,13.243981501221029,1.2631129594657102
isolet,0.1,10,100,r2,0.7989688422156052,0.02803089959510164
isolet,0.1,10,100,mse,11.285304932203355,1.3431055806004166
isolet,0.1,10,500,r2,0.8242600099295364,0.02607843219092347
isolet,0.1,10,500,mse,9.864698878131083,1.2752671050959714
