dataset,k,weights,scaling,metric,mean,std
Brazilian_houses,2,uniform,0,r2,0.9703418865601126,0.007266711256378761
Brazilian_houses,2,uniform,1,r2,0.974232482775378,0.007644723897230482
Brazilian_houses,2,distance,0,r2,0.9716701020922024,0.007238237337103632
Brazilian_houses,2,distance,1,r2,0.9754517254577699,0.0073805575126763365
Brazilian_houses,5,uniform,0,r2,0.9690528568013992,0.006465298934114306
Brazilian_houses,5,uniform,1,r2,0.9724202474780803,0.005616382221060254
Brazilian_houses,5,distance,0,r2,0.9719761128656254,0.006473245448935654
Brazilian_houses,5,distance,1,r2,0.9750389443658685,0.005039487524790554
Brazilian_houses,7,uniform,0,r2,0.9668683199383296,0.006372832907370789
Brazilian_houses,7,uniform,1,r2,0.9705376375013716,0.00640873575863849
Brazilian_houses,7,distance,0,r2,0.9705717575471293,0.006526238331092301
Brazilian_houses,7,distance,1,r2,0.9738514735026064,0.0055126877633164565
Brazilian_houses,10,uniform,0,r2,0.9634685972707231,0.006097757926437906
Brazilian_houses,10,uniform,1,r2,0.9672651129393172,0.0069788674037307465
Brazilian_houses,10,distance,0,r2,0.9682326742846366,0.006384075681546689
Brazilian_houses,10,distance,1,r2,0.9715574545998138,0.005668318668371334
Brazilian_houses,25,uniform,0,r2,0.9542657048126278,0.0066780474443050375
Brazilian_houses,25,uniform,1,r2,0.9589229149867426,0.008824221742621556
Brazilian_houses,25,distance,0,r2,0.9610759967094502,0.007007656898708836
Brazilian_houses,25,distance,1,r2,0.964938503334157,0.0067571025298283766
Brazilian_houses,50,uniform,0,r2,0.9466681475215142,0.007379213885594298
Brazilian_houses,50,uniform,1,r2,0.9519831247946078,0.011049605507012061
Brazilian_houses,50,distance,0,r2,0.9548568047993312,0.007368924942156475
Brazilian_houses,50,distance,1,r2,0.9592839256596308,0.0082596147875277
Brazilian_houses,100,uniform,0,r2,0.936133529060975,0.00725720593990108
Brazilian_houses,100,uniform,1,r2,0.9428193529616195,0.013260557756758514
Brazilian_houses,100,distance,0,r2,0.9472984312570738,0.007465626968800004
Brazilian_houses,100,distance,1,r2,0.9526457909959213,0.009382597659279535
Brazilian_houses,250,uniform,0,r2,0.9147839707366634,0.008563056578841391
Brazilian_houses,250,uniform,1,r2,0.924694363668818,0.018467523042109104
Brazilian_houses,250,distance,0,r2,0.9337455443470185,0.008532439509176036
Brazilian_houses,250,distance,1,r2,0.9410439982596517,0.011826366368546441
wine,2,uniform,0,r2,0.281648137948446,0.047666163296510564
wine,2,uniform,1,r2,0.27976162300622265,0.05042363062281365
wine,2,distance,0,r2,0.33800133861325404,0.0485160458773686
wine,2,distance,1,r2,0.3374059805697869,0.051648219230219276
wine,5,uniform,0,r2,0.35128778401891764,0.03536627183121452
wine,5,uniform,1,r2,0.353350978060068,0.03617259582438523
wine,5,distance,0,r2,0.461790141602063,0.03555868365109355
wine,5,distance,1,r2,0.46290617779225063,0.036858301416885696
wine,7,uniform,0,r2,0.358785347727223,0.042196800896038285
wine,7,uniform,1,r2,0.3572976697117733,0.04483033296482071
wine,7,distance,0,r2,0.4824401726674171,0.03676970476936048
wine,7,distance,1,r2,0.4791195728380706,0.042024460737884135
wine,10,uniform,0,r2,0.35517195233657894,0.04341017252601447
wine,10,uniform,1,r2,0.3533342407221899,0.04384523765373581
wine,10,distance,0,r2,0.491261147669117,0.03757008315590438
wine,10,distance,1,r2,0.48781354379218644,0.040190884933169836
wine,25,uniform,0,r2,0.3500586018056625,0.032237348611668354
wine,25,uniform,1,r2,0.3487406081089356,0.03204394909277094
wine,25,distance,0,r2,0.5015425957855136,0.03831903741566316
wine,25,distance,1,r2,0.501176573373196,0.03862838655049828
wine,50,uniform,0,r2,0.34596578662769745,0.033014179423546786
wine,50,uniform,1,r2,0.34451115825110856,0.03081761156140432
wine,50,distance,0,r2,0.4987371929366005,0.042296262297757604
wine,50,distance,1,r2,0.49725458944523904,0.0411288313526675
wine,100,uniform,0,r2,0.32786973010551035,0.03174896688269755
wine,100,uniform,1,r2,0.32695492792691744,0.030697006503522365
wine,100,distance,0,r2,0.4863911717380244,0.04448129791966187
wine,100,distance,1,r2,0.4849356391282652,0.04319853156153282
wine,250,uniform,0,r2,0.28980913662555396,0.02621423590286964
wine,250,uniform,1,r2,0.28957687258363674,0.026613025697840187
wine,250,distance,0,r2,0.46561268147711987,0.04346367287994403
wine,250,distance,1,r2,0.46543336453748624,0.0428807611285195
ailerons,2,uniform,0,r2,0.6700153987400447,0.017794650954600862
ailerons,2,uniform,1,r2,0.7088769096474161,0.03253289829271703
ailerons,2,distance,0,r2,0.6714432739599598,0.017589356497999406
ailerons,2,distance,1,r2,0.7095378981166859,0.031803144106387564
ailerons,5,uniform,0,r2,0.7329006994965035,0.01345945798013006
ailerons,5,uniform,1,r2,0.7626998279432889,0.021209377432379484
ailerons,5,distance,0,r2,0.7356528033858489,0.013493124722337
ailerons,5,distance,1,r2,0.7648904717099715,0.021315112260576575
ailerons,7,uniform,0,r2,0.7387625251745119,0.012714164153561245
ailerons,7,uniform,1,r2,0.769284166452493,0.021194720592861177
ailerons,7,distance,0,r2,0.7422189304157858,0.012724904598266251
ailerons,7,distance,1,r2,0.7718286001184416,0.02092635928480021
ailerons,10,uniform,0,r2,0.7399033430777575,0.013530874463485188
ailerons,10,uniform,1,r2,0.7720414936264157,0.02245696668395322
ailerons,10,distance,0,r2,0.7438429259079954,0.013467440705624742
ailerons,10,distance,1,r2,0.7749661453996035,0.022154582844627957
ailerons,25,uniform,0,r2,0.7327259735227201,0.011033233563183023
ailerons,25,uniform,1,r2,0.7665058974182692,0.023628427296845205
ailerons,25,distance,0,r2,0.7374216141467138,0.011173643670685662
ailerons,25,distance,1,r2,0.7702226701231278,0.023217928106763965
ailerons,50,uniform,0,r2,0.715894016312457,0.010259827832351348
ailerons,50,uniform,1,r2,0.7504678146991344,0.027003992544402527
ailerons,50,distance,0,r2,0.7213712622604309,0.010134090414774892
ailerons,50,distance,1,r2,0.7552420364958474,0.026301040714438315
ailerons,100,uniform,0,r2,0.691462393231867,0.010716795921374467
ailerons,100,uniform,1,r2,0.7279341663631006,0.02723291106923291
ailerons,100,distance,0,r2,0.6982647754885829,0.010381917418986222
ailerons,100,distance,1,r2,0.7339540425905926,0.026674961680949034
ailerons,250,uniform,0,r2,0.6462119427720694,0.011825761672383566
ailerons,250,uniform,1,r2,0.6809692584795954,0.0268544779250264
ailerons,250,distance,0,r2,0.6554906775007703,0.011629408206336643
ailerons,250,distance,1,r2,0.6901603305829903,0.026744411458485648
houses,2,uniform,0,r2,0.694432671851704,0.016311780052561065
houses,2,uniform,1,r2,0.7385835752188646,0.01654034029591283
houses,2,distance,0,r2,0.696423128146972,0.015778292081242696
houses,2,distance,1,r2,0.739419837815094,0.0170226309006182
houses,5,uniform,0,r2,0.7378906970698128,0.009312774818267594
houses,5,uniform,1,r2,0.7772881527305145,0.012790161083944986
houses,5,distance,0,r2,0.7418078254585595,0.009937201154361181
houses,5,distance,1,r2,0.780352255624389,0.013550226136195756
houses,7,uniform,0,r2,0.743304908431524,0.008729782873629667
houses,7,uniform,1,r2,0.780190949956399,0.012257892611021153
houses,7,distance,0,r2,0.7481056516176903,0.009305539277577667
houses,7,distance,1,r2,0.7843648770312788,0.012759365804431617
houses,10,uniform,0,r2,0.7418544939016769,0.010743548423398254
houses,10,uniform,1,r2,0.7800786402954147,0.012504481832390224
houses,10,distance,0,r2,0.7476278399476043,0.010700864111338387
houses,10,distance,1,r2,0.7851024413815568,0.012654188565242808
houses,25,uniform,0,r2,0.7289658326037078,0.012653408071839543
houses,25,uniform,1,r2,0.7692534327319043,0.011850527290218916
houses,25,distance,0,r2,0.736899887106302,0.012283478427619897
houses,25,distance,1,r2,0.7767321368135315,0.011798133416057127
houses,50,uniform,0,r2,0.7105926608153068,0.012064587855125684
houses,50,uniform,1,r2,0.7527470493942567,0.011545527924095885
houses,50,distance,0,r2,0.7199376843353227,0.011984476943697425
houses,50,distance,1,r2,0.7621577486382118,0.011360710158209062
houses,100,uniform,0,r2,0.6834916089873774,0.012897654012916981
houses,100,uniform,1,r2,0.7303014390108136,0.011879873173905677
houses,100,distance,0,r2,0.695145454921801,0.012736643242576777
houses,100,distance,1,r2,0.742129595658468,0.011614913979676896
houses,250,uniform,0,r2,0.6348688091492705,0.014125573787005304
houses,250,uniform,1,r2,0.6933190666029659,0.012255751018424398
houses,250,distance,0,r2,0.6510935248713103,0.01391944706133203
houses,250,distance,1,r2,0.7086991150967101,0.012062946457297915
house_16H,2,uniform,0,r2,0.33056918390136847,0.09209036846388864
house_16H,2,uniform,1,r2,0.3055981880279558,0.06314037193520688
house_16H,2,distance,0,r2,0.3276425214592088,0.08918898422231836
house_16H,2,distance,1,r2,0.30036672645924456,0.06552948911766451
house_16H,5,uniform,0,r2,0.4398549737892844,0.0732296304797991
house_16H,5,uniform,1,r2,0.43541374567494956,0.06222155198779425
house_16H,5,distance,0,r2,0.440141516547566,0.07571718367324622
house_16H,5,distance,1,r2,0.4322873338159151,0.06489388413838273
house_16H,7,uniform,0,r2,0.45283090215470195,0.0675175353306513
house_16H,7,uniform,1,r2,0.4541422200415458,0.052570468496408264
house_16H,7,distance,0,r2,0.45420077284676397,0.0701384078447117
house_16H,7,distance,1,r2,0.4522972513855287,0.05522688053747658
house_16H,10,uniform,0,r2,0.4539391950279388,0.06617707804645319
house_16H,10,uniform,1,r2,0.45200233714270066,0.057889422641086444
house_16H,10,distance,0,r2,0.45728752256641814,0.06841296231700206
house_16H,10,distance,1,r2,0.45495625713047155,0.058927397275281894
house_16H,25,uniform,0,r2,0.4516192256431105,0.060181483629520575
house_16H,25,uniform,1,r2,0.44112526449000145,0.05571177119792621
house_16H,25,distance,0,r2,0.4563581798965009,0.06255932217914015
house_16H,25,distance,1,r2,0.4471018880448752,0.05703195984576986
house_16H,50,uniform,0,r2,0.43181679990882743,0.06566950198252028
house_16H,50,uniform,1,r2,0.42111452476423006,0.06508172641449975
house_16H,50,distance,0,r2,0.43866503152317665,0.06541130531132959
house_16H,50,distance,1,r2,0.42928648922301427,0.06253533471560453
house_16H,100,uniform,0,r2,0.4075475723807339,0.07161996817307859
house_16H,100,uniform,1,r2,0.39529048669255873,0.06718119819856708
house_16H,100,distance,0,r2,0.41596633536443833,0.06946231989544996
house_16H,100,distance,1,r2,0.40480891786437534,0.06443432056220373
house_16H,250,uniform,0,r2,0.3676521471533486,0.06974684824390384
house_16H,250,uniform,1,r2,0.35148407112230184,0.06599042218260508
house_16H,250,distance,0,r2,0.3777003507327576,0.0685966684848034
house_16H,250,distance,1,r2,0.363358204885162,0.06430156868996245
Bike_Sharing_Demand,2,uniform,0,r2,0.5398436522828828,0.019226074198530584
Bike_Sharing_Demand,2,uniform,1,r2,0.5933469248799862,0.01759026335573553
Bike_Sharing_Demand,2,distance,0,r2,0.5441363900286631,0.020116758105591215
Bike_Sharing_Demand,2,distance,1,r2,0.5881997644866602,0.019211250535410517
Bike_Sharing_Demand,5,uniform,0,r2,0.5989774667826023,0.017921433569209038
Bike_Sharing_Demand,5,uniform,1,r2,0.6571404733026671,0.026627705677718477
Bike_Sharing_Demand,5,distance,0,r2,0.6068836137132742,0.017734242975301837
Bike_Sharing_Demand,5,distance,1,r2,0.6550783004159108,0.022983003528355358
Bike_Sharing_Demand,7,uniform,0,r2,0.6022740730580559,0.018207547599978332
Bike_Sharing_Demand,7,uniform,1,r2,0.6651539461407814,0.0251175631487932
Bike_Sharing_Demand,7,distance,0,r2,0.6126975270083804,0.016982091970709233
Bike_Sharing_Demand,7,distance,1,r2,0.6640767934096786,0.020913520559277546
Bike_Sharing_Demand,10,uniform,0,r2,0.5998213387091251,0.01603117893312441
Bike_Sharing_Demand,10,uniform,1,r2,0.6648538153562219,0.024222511493825656
Bike_Sharing_Demand,10,distance,0,r2,0.6122751732198743,0.015834275538060206
Bike_Sharing_Demand,10,distance,1,r2,0.6654813830784623,0.019282596519848882
Bike_Sharing_Demand,25,uniform,0,r2,0.5847241981490539,0.016159469112042222
Bike_Sharing_Demand,25,uniform,1,r2,0.6550891774127496,0.026434599681974053
Bike_Sharing_Demand,25,distance,0,r2,0.5991019235382427,0.015828231016640902
Bike_Sharing_Demand,25,distance,1,r2,0.6596522705205116,0.02131760135390334
Bike_Sharing_Demand,50,uniform,0,r2,0.5575435904107763,0.014474942721248586
Bike_Sharing_Demand,50,uniform,1,r2,0.6363046806346999,0.029454790209573936
Bike_Sharing_Demand,50,distance,0,r2,0.5745442394532386,0.013779142065730892
Bike_Sharing_Demand,50,distance,1,r2,0.6434985987364621,0.024836724092391117
Bike_Sharing_Demand,100,uniform,0,r2,0.5273294011005045,0.014528700660309962
Bike_Sharing_Demand,100,uniform,1,r2,0.6106175908393263,0.029800848346449582
Bike_Sharing_Demand,100,distance,0,r2,0.5459657762781424,0.014283542659168641
Bike_Sharing_Demand,100,distance,1,r2,0.6209984120707551,0.026407447040717014
Bike_Sharing_Demand,250,uniform,0,r2,0.48190548674668693,0.016257929874702415
Bike_Sharing_Demand,250,uniform,1,r2,0.564500917097045,0.0293591801209659
Bike_Sharing_Demand,250,distance,0,r2,0.5030592985151339,0.01551120871790489
Bike_Sharing_Demand,250,distance,1,r2,0.5809191488861588,0.027454600018016865
nyc-taxi-green-dec-2016,2,uniform,0,r2,0.23581470334221621,0.009914762446287407
nyc-taxi-green-dec-2016,2,uniform,1,r2,0.4010885464528983,0.053936416638321306
nyc-taxi-green-dec-2016,2,distance,0,r2,0.23364635981107879,0.009736962561754308
nyc-taxi-green-dec-2016,2,distance,1,r2,0.3859316913626274,0.0502000699024401
nyc-taxi-green-dec-2016,3,uniform,0,r2,0.3067994717098285,0.008888961512864162
nyc-taxi-green-dec-2016,3,uniform,1,r2,0.4580064263816889,0.04572253217533268
nyc-taxi-green-dec-2016,3,distance,0,r2,0.3062601571787982,0.008849862682999105
nyc-taxi-green-dec-2016,3,distance,1,r2,0.44147847237920645,0.041167288873993686
nyc-taxi-green-dec-2016,5,uniform,0,r2,0.3605334331351478,0.007538199836036056
nyc-taxi-green-dec-2016,5,uniform,1,r2,0.4996520391088938,0.03838610911642473
nyc-taxi-green-dec-2016,5,distance,0,r2,0.36270904842970275,0.007580271555488208
nyc-taxi-green-dec-2016,5,distance,1,r2,0.4864385087218384,0.03386488688369527
nyc-taxi-green-dec-2016,7,uniform,0,r2,0.38235196547910655,0.007828393695633047
nyc-taxi-green-dec-2016,7,uniform,1,r2,0.5137746800119826,0.034700969473966246
nyc-taxi-green-dec-2016,7,distance,0,r2,0.38610263754732427,0.007776458948016849
nyc-taxi-green-dec-2016,7,distance,1,r2,0.505465413003098,0.031163679299303332
nyc-taxi-green-dec-2016,10,uniform,0,r2,0.3971353544108395,0.0073833008463735205
nyc-taxi-green-dec-2016,10,uniform,1,r2,0.5210049846952955,0.030124716815056757
nyc-taxi-green-dec-2016,10,distance,0,r2,0.40219089109928136,0.007286874408005299
nyc-taxi-green-dec-2016,10,distance,1,r2,0.5195552964832588,0.028858704540010445
nyc-taxi-green-dec-2016,12,uniform,0,r2,0.40215841167094224,0.007433587037024193
nyc-taxi-green-dec-2016,12,uniform,1,r2,0.5225168776159801,0.028747309771339952
nyc-taxi-green-dec-2016,12,distance,0,r2,0.40774430005360757,0.007245396075964941
nyc-taxi-green-dec-2016,12,distance,1,r2,0.5249456155348149,0.028687698546963673
nyc-taxi-green-dec-2016,15,uniform,0,r2,0.40664442338746676,0.007261241051386839
nyc-taxi-green-dec-2016,15,uniform,1,r2,0.5228056201998134,0.027233745595604552
nyc-taxi-green-dec-2016,15,distance,0,r2,0.41278023374497363,0.007069249216007242
nyc-taxi-green-dec-2016,15,distance,1,r2,0.5304061160199394,0.028955783943282506
nyc-taxi-green-dec-2016,20,uniform,0,r2,0.4095189875185006,0.007141104000761085
nyc-taxi-green-dec-2016,20,uniform,1,r2,0.5212508313734409,0.02591724576464435
nyc-taxi-green-dec-2016,20,distance,0,r2,0.41637775324953774,0.00695593929018163
nyc-taxi-green-dec-2016,20,distance,1,r2,0.5356305456289451,0.03010014855237293
nyc-taxi-green-dec-2016,25,uniform,0,r2,0.4102667359259352,0.006914705769461257
nyc-taxi-green-dec-2016,25,uniform,1,r2,0.5188892568466454,0.02549348798196365
nyc-taxi-green-dec-2016,25,distance,0,r2,0.41762491436588584,0.006797737104620752
nyc-taxi-green-dec-2016,25,distance,1,r2,0.5383010841398679,0.03139149281768567
house_sales,2,uniform,0,r2,0.7531744920664368,0.011907613291133524
house_sales,2,uniform,1,r2,0.8241954269334837,0.01147254778736455
house_sales,2,distance,0,r2,0.754361180248223,0.011475314328055162
house_sales,2,distance,1,r2,0.8248431013595102,0.011454861888157664
house_sales,5,uniform,0,r2,0.7972296359330896,0.009096531329183576
house_sales,5,uniform,1,r2,0.8515923452280365,0.00976234707339452
house_sales,5,distance,0,r2,0.7993181368714244,0.008827460401343502
house_sales,5,distance,1,r2,0.8533441775206481,0.009637352015065402
house_sales,7,uniform,0,r2,0.8060177620062247,0.008276463687658107
house_sales,7,uniform,1,r2,0.8561652642560302,0.011048990548053217
house_sales,7,distance,0,r2,0.8080531639298025,0.008180595388424378
house_sales,7,distance,1,r2,0.8580675976828,0.010796980201262237
house_sales,10,uniform,0,r2,0.810407137881147,0.008760594688147617
house_sales,10,uniform,1,r2,0.857200989702028,0.009917145196893025
house_sales,10,distance,0,r2,0.812628711137816,0.008688356417903583
house_sales,10,distance,1,r2,0.8595261249714132,0.009806816957684178
house_sales,25,uniform,0,r2,0.8100721279199435,0.010863358690139272
house_sales,25,uniform,1,r2,0.8543441875469918,0.009560062756980278
house_sales,25,distance,0,r2,0.8129025265708343,0.010611321624502878
house_sales,25,distance,1,r2,0.857390340986172,0.009492991339703941
house_sales,50,uniform,0,r2,0.8008452142829062,0.010635416946830555
house_sales,50,uniform,1,r2,0.8440414484837815,0.009636921602872045
house_sales,50,distance,0,r2,0.8043896323265269,0.010493601912005974
house_sales,50,distance,1,r2,0.8481797397038602,0.009589175823054963
house_sales,100,uniform,0,r2,0.7852209648484084,0.011118735161814698
house_sales,100,uniform,1,r2,0.8269686216851866,0.010714020923391599
house_sales,100,distance,0,r2,0.7897358863684332,0.010892141449308052
house_sales,100,distance,1,r2,0.8327304783044335,0.010531442821172405
house_sales,250,uniform,0,r2,0.7536601304688325,0.01165126612424579
house_sales,250,uniform,1,r2,0.788880983563573,0.012973306678319136
house_sales,250,distance,0,r2,0.7602474919651663,0.011426135940026665
house_sales,250,distance,1,r2,0.7992366652668534,0.012510220476027572
sulfur,2,uniform,0,r2,0.8789880864587147,0.06052207963588609
sulfur,2,uniform,1,r2,0.8775064586097325,0.05904249344148666
sulfur,2,distance,0,r2,0.8952447379465964,0.05636371084818083
sulfur,2,distance,1,r2,0.8921759054270098,0.054238975196076025
sulfur,5,uniform,0,r2,0.8228386830537511,0.08587849682705667
sulfur,5,uniform,1,r2,0.8213688926312473,0.08320506719406785
sulfur,5,distance,0,r2,0.8614981835128696,0.07415844890302697
sulfur,5,distance,1,r2,0.8575744497176119,0.07332745565118963
sulfur,7,uniform,0,r2,0.8010144221770723,0.08634507293545238
sulfur,7,uniform,1,r2,0.8044928561059599,0.08336409755741206
sulfur,7,distance,0,r2,0.8475675450551693,0.0785429886313963
sulfur,7,distance,1,r2,0.8456085954258651,0.0775068611383001
sulfur,10,uniform,0,r2,0.7838803320779554,0.0889399079811235
sulfur,10,uniform,1,r2,0.7860718076374694,0.0903714029432993
sulfur,10,distance,0,r2,0.835495201394002,0.08204082638941992
sulfur,10,distance,1,r2,0.8329398230540057,0.08253884639558139
sulfur,25,uniform,0,r2,0.7172182947712233,0.10337860818546021
sulfur,25,uniform,1,r2,0.7214437055119574,0.1078071359718029
sulfur,25,distance,0,r2,0.7923127303371791,0.09393670905895843
sulfur,25,distance,1,r2,0.7909972518295444,0.09558582860281324
sulfur,50,uniform,0,r2,0.63611635832663,0.09954762373240879
sulfur,50,uniform,1,r2,0.6531919763780426,0.1122122983001803
sulfur,50,distance,0,r2,0.7423100487778286,0.09841605255544625
sulfur,50,distance,1,r2,0.748397445770845,0.10162474852692421
sulfur,100,uniform,0,r2,0.5473068458839284,0.09084480956376738
sulfur,100,uniform,1,r2,0.5743753070559672,0.11065701287994577
sulfur,100,distance,0,r2,0.6708890076775961,0.0956911790802946
sulfur,100,distance,1,r2,0.6863130371372903,0.10169958845336753
sulfur,250,uniform,0,r2,0.41870247856597426,0.08317515398936987
sulfur,250,uniform,1,r2,0.45382239057360474,0.11197616583992512
sulfur,250,distance,0,r2,0.5456925425882357,0.08978855345990688
sulfur,250,distance,1,r2,0.5724825464126371,0.10453494250086255
medical_charges,2,uniform,0,r2,0.9689571463022064,0.0008423405794326695
medical_charges,2,uniform,1,r2,0.968608105784355,0.0014176847746654696
medical_charges,2,distance,0,r2,0.968312303882587,0.0007675815617189128
medical_charges,2,distance,1,r2,0.9674159348485359,0.0016763986665604609
medical_charges,3,uniform,0,r2,0.9722784817402423,0.0008447940793089877
medical_charges,3,uniform,1,r2,0.9720469020433654,0.0013701365397031776
medical_charges,3,distance,0,r2,0.9715859032994599,0.0008171121795515572
medical_charges,3,distance,1,r2,0.9706475497114427,0.0017464278105421365
medical_charges,5,uniform,0,r2,0.9750410613590782,0.0007588919522638674
medical_charges,5,uniform,1,r2,0.9747575023468833,0.0012153980125733826
medical_charges,5,distance,0,r2,0.9743947633568549,0.0007621387878147959
medical_charges,5,distance,1,r2,0.9733224097613901,0.0017156898095667008
medical_charges,7,uniform,0,r2,0.9762113181300831,0.0006834124387675667
medical_charges,7,uniform,1,r2,0.9758795628480048,0.0012229139526529725
medical_charges,7,distance,0,r2,0.975666173648664,0.0007181716063325789
medical_charges,7,distance,1,r2,0.9745264443146489,0.0017340822400739324
medical_charges,10,uniform,0,r2,0.9770348363898604,0.0006929731348219849
medical_charges,10,uniform,1,r2,0.9767273168280605,0.0012628116591326098
medical_charges,10,distance,0,r2,0.9766140933050302,0.0007180470346989068
medical_charges,10,distance,1,r2,0.9754898622669748,0.001753061109633953
medical_charges,12,uniform,0,r2,0.9773192192843958,0.0006655744505030666
medical_charges,12,uniform,1,r2,0.9770098284159683,0.0013305320794957307
medical_charges,12,distance,0,r2,0.9769782544446406,0.0007014641156781351
medical_charges,12,distance,1,r2,0.9758484836774814,0.001755598050970575
medical_charges,15,uniform,0,r2,0.9775770087910145,0.0006451663374448573
medical_charges,15,uniform,1,r2,0.9773149795437313,0.0013848590748176872
medical_charges,15,distance,0,r2,0.9773282056749183,0.0006817278077095234
medical_charges,15,distance,1,r2,0.9762314423305858,0.001750544335509429
medical_charges,20,uniform,0,r2,0.9777720010924623,0.0006673993127943002
medical_charges,20,uniform,1,r2,0.9775467316589804,0.0015140344936927393
medical_charges,20,distance,0,r2,0.9776388806584938,0.0006948337763718611
MiamiHousing2016,2,uniform,0,r2,0.861365883674295,0.007994047623180308
MiamiHousing2016,2,uniform,1,r2,0.8807316317735605,0.014745016887516624
MiamiHousing2016,2,distance,0,r2,0.8633532874119634,0.007943602360231589
MiamiHousing2016,2,distance,1,r2,0.8825388325440482,0.014328073498359116
MiamiHousing2016,5,uniform,0,r2,0.8772725860631561,0.008546428892579942
MiamiHousing2016,5,uniform,1,r2,0.8954528219360313,0.011848467077929893
MiamiHousing2016,5,distance,0,r2,0.8811289589469522,0.008690735070990805
MiamiHousing2016,5,distance,1,r2,0.8990074097597607,0.01165058043186586
MiamiHousing2016,7,uniform,0,r2,0.8797393053658318,0.007457362161345166
MiamiHousing2016,7,uniform,1,r2,0.895102966855519,0.012124202635724066
MiamiHousing2016,7,distance,0,r2,0.8841631787484141,0.007496779578076094
MiamiHousing2016,7,distance,1,r2,0.8996507124900974,0.012004745997103944
MiamiHousing2016,10,uniform,0,r2,0.878587721669773,0.006297281165240989
MiamiHousing2016,10,uniform,1,r2,0.8927462881600687,0.011401516434638548
MiamiHousing2016,10,distance,0,r2,0.8838191021321291,0.006445447883233161
MiamiHousing2016,10,distance,1,r2,0.898291223596041,0.011493712678423742
MiamiHousing2016,25,uniform,0,r2,0.8620221948883078,0.005537432461023393
MiamiHousing2016,25,uniform,1,r2,0.8772275799643878,0.013516585017147928
MiamiHousing2016,25,distance,0,r2,0.87080001055175,0.005803444224651859
MiamiHousing2016,25,distance,1,r2,0.8861413023004712,0.013056313579513236
MiamiHousing2016,50,uniform,0,r2,0.8382839396261839,0.005410823736509517
MiamiHousing2016,50,uniform,1,r2,0.8535173804125817,0.015104032855113848
MiamiHousing2016,50,distance,0,r2,0.8499579348990345,0.005526748388685366
MiamiHousing2016,50,distance,1,r2,0.8667853704261738,0.014963199872254746
MiamiHousing2016,100,uniform,0,r2,0.8052708453784078,0.006666511730870556
MiamiHousing2016,100,uniform,1,r2,0.8171588995800292,0.017165871210469526
MiamiHousing2016,100,distance,0,r2,0.8203166649011001,0.00631872375918159
MiamiHousing2016,100,distance,1,r2,0.8363576960901353,0.01646877920369804
MiamiHousing2016,250,uniform,0,r2,0.7453750941995213,0.008633241822759876
MiamiHousing2016,250,uniform,1,r2,0.7425198024095507,0.022463616769505684
MiamiHousing2016,250,distance,0,r2,0.7661316425362814,0.007984115535551653
MiamiHousing2016,250,distance,1,r2,0.7728252007182184,0.019448787558834228
superconduct,2,uniform,0,r2,0.9044843356357145,0.009568761580496982
superconduct,2,uniform,1,r2,0.9051327099255166,0.010237607037309216
superconduct,2,distance,0,r2,0.9065891460300997,0.008410655943995878
superconduct,2,distance,1,r2,0.9070896655919931,0.009089434868641248
superconduct,5,uniform,0,r2,0.8992170511808926,0.008192641750007185
superconduct,5,uniform,1,r2,0.8997577334056087,0.008790471047572674
superconduct,5,distance,0,r2,0.9106033202026135,0.007583807198705655
superconduct,5,distance,1,r2,0.9110774815500424,0.007880140435739133
superconduct,7,uniform,0,r2,0.8933602273018035,0.008870117993338951
superconduct,7,uniform,1,r2,0.8939047445390411,0.009564592639645021
superconduct,7,distance,0,r2,0.9087462896250337,0.007992478601027283
superconduct,7,distance,1,r2,0.909123380279801,0.008392485862421842
superconduct,10,uniform,0,r2,0.8865036285668578,0.009645460365503017
superconduct,10,uniform,1,r2,0.8874599702173841,0.009866480959758239
superconduct,10,distance,0,r2,0.90699260263898,0.008535711391270143
superconduct,10,distance,1,r2,0.9074639186470159,0.008615442093941043
superconduct,25,uniform,0,r2,0.8578689071436504,0.010972825214802305
superconduct,25,uniform,1,r2,0.8587633765472573,0.011578549963938574
superconduct,25,distance,0,r2,0.8969038074232962,0.008248540715558986
superconduct,25,distance,1,r2,0.8971561597762914,0.008804508205947408
superconduct,50,uniform,0,r2,0.8297401175993848,0.011925163032020694
superconduct,50,uniform,1,r2,0.8318007163016541,0.012598910683548329
superconduct,50,distance,0,r2,0.8843409354935933,0.008067443620129561
superconduct,50,distance,1,r2,0.8850512782953827,0.008276186730135818
superconduct,100,uniform,0,r2,0.8029953497402988,0.01297390543071974
superconduct,100,uniform,1,r2,0.8047530392747406,0.013914388378663335
superconduct,100,distance,0,r2,0.8704411289462077,0.0077671901069896266
superconduct,100,distance,1,r2,0.8710456693637987,0.008299411184630508
superconduct,250,uniform,0,r2,0.7536047763434598,0.01308568427000986
superconduct,250,uniform,1,r2,0.7528786620768412,0.0127257774516042
superconduct,250,distance,0,r2,0.8439563984168293,0.008461069420681741
superconduct,250,distance,1,r2,0.8436012421030717,0.008215973487277753
cpu,2,uniform,0,r2,0.9346422978483819,0.030024111760122735
cpu,2,uniform,1,r2,0.9705751696280025,0.008900214713332522
cpu,2,distance,0,r2,0.936131903727016,0.028990640423239518
cpu,2,distance,1,r2,0.9707720069536208,0.00884919063214665
cpu,5,uniform,0,r2,0.9326268468037113,0.03163491431443148
cpu,5,uniform,1,r2,0.9722023150913282,0.010112120154842903
cpu,5,distance,0,r2,0.9353640700969168,0.03081146386419371
cpu,5,distance,1,r2,0.9732264186561016,0.010080839661776668
cpu,7,uniform,0,r2,0.9273451894485095,0.033903892335264765
cpu,7,uniform,1,r2,0.9709382793479419,0.011627907509043557
cpu,7,distance,0,r2,0.9308885703277128,0.03276576773278406
cpu,7,distance,1,r2,0.972646149936374,0.011170386835371252
cpu,10,uniform,0,r2,0.9218893525891353,0.032156861293995906
cpu,10,uniform,1,r2,0.9697334484610783,0.013127935170495096
cpu,10,distance,0,r2,0.926051169836315,0.030991106890000907
cpu,10,distance,1,r2,0.9716684406032032,0.012354704540897423
cpu,25,uniform,0,r2,0.9036821458813689,0.03454560198701561
cpu,25,uniform,1,r2,0.9673373375750105,0.013457226183305701
cpu,25,distance,0,r2,0.9092839274622888,0.03363991378824979
cpu,25,distance,1,r2,0.9691680767132699,0.012952074851648553
cpu,50,uniform,0,r2,0.8753070407074937,0.03883311607543251
cpu,50,uniform,1,r2,0.9590183166961065,0.01807909027373337
cpu,50,distance,0,r2,0.8850049916684648,0.03814310735946441
cpu,50,distance,1,r2,0.9617716058409089,0.016937111900073507
cpu,100,uniform,0,r2,0.8205177247700949,0.03883810492928798
cpu,100,uniform,1,r2,0.9449849009965583,0.03248361727197979
cpu,100,distance,0,r2,0.8405109599368386,0.037983560094335345
cpu,100,distance,1,r2,0.9499358697279829,0.027528210779307807
cpu,250,uniform,0,r2,0.6343660972441814,0.043290388359205165
cpu,250,uniform,1,r2,0.8245898502162042,0.056813336933280174
cpu,250,distance,0,r2,0.6983888811322134,0.039178346196693754
cpu,250,distance,1,r2,0.8837778864644712,0.053711382367480714
diamond,2,uniform,0,r2,0.9243475810765596,0.001759802147621625
diamond,2,uniform,1,r2,0.9227131414215348,0.0017528220755149125
diamond,2,distance,0,r2,0.9225471209799465,0.001914532264324797
diamond,2,distance,1,r2,0.9201389039257887,0.00207883128568197
diamond,3,uniform,0,r2,0.9317143262698074,0.0016211723146296304
diamond,3,uniform,1,r2,0.9304889814635222,0.0016358628890560463
diamond,3,distance,0,r2,0.929548807810509,0.0016714611556150158
diamond,3,distance,1,r2,0.9272761496411579,0.00197232559564055
diamond,5,uniform,0,r2,0.9369440140523855,0.002059336440259377
diamond,5,uniform,1,r2,0.9368553808373241,0.0017609367033218045
diamond,5,distance,0,r2,0.9347661590353354,0.001773115060874839
diamond,5,distance,1,r2,0.9331926587800631,0.0018851339718200402
diamond,7,uniform,0,r2,0.9389076444586824,0.0018905589944226862
diamond,7,uniform,1,r2,0.9393446725313529,0.0017785147858708913
diamond,7,distance,0,r2,0.9368972190191152,0.001722156961583033
diamond,7,distance,1,r2,0.935662431996537,0.0018821272968951158
diamond,10,uniform,0,r2,0.9402397641694635,0.0019112109894397686
diamond,10,uniform,1,r2,0.9405851089677373,0.0017226385636521548
diamond,10,distance,0,r2,0.9383950623366386,0.0017987582263859117
diamond,10,distance,1,r2,0.9372045673429172,0.001767836935712618
diamond,12,uniform,0,r2,0.9406505505309376,0.0017958977242822295
diamond,12,uniform,1,r2,0.94119583730701,0.0018228547173947374
diamond,12,distance,0,r2,0.9389708958274499,0.0017533393860614545
diamond,12,distance,1,r2,0.9379259598138339,0.0017532972080644485
diamond,15,uniform,0,r2,0.9409285342229369,0.0018436416207960836
diamond,15,uniform,1,r2,0.9415932436847338,0.0018300454936539944
diamond,15,distance,0,r2,0.9394530693318381,0.0017901251514519723
diamond,15,distance,1,r2,0.9385417129919313,0.0017017555895865735
diamond,20,uniform,0,r2,0.9413064139869641,0.0017434728450693218
diamond,20,uniform,1,r2,0.9418339980317096,0.001622428916555759
diamond,20,distance,0,r2,0.9399367709044263,0.0017246216275479396
diamond,20,distance,1,r2,0.9390662435005162,0.0015735207492471332
diamond,25,uniform,0,r2,0.9414295789422773,0.0017452415885006794
diamond,25,uniform,1,r2,0.9419544809401362,0.0016740982341227166
diamond,25,distance,0,r2,0.9401378765578542,0.0017077637331131684
diamond,25,distance,1,r2,0.9393588213937649,0.0015487401614492306
pol,2,uniform,0,r2,0.9298270754808513,0.00801976044102319
pol,2,uniform,1,r2,0.8843016624425836,0.05528711992750621
pol,2,distance,0,r2,0.931950395518407,0.007928304530536822
pol,2,distance,1,r2,0.8874577967852666,0.05422164702566613
pol,5,uniform,0,r2,0.9318412898260592,0.0059983803852474244
pol,5,uniform,1,r2,0.8865350385639819,0.05217492619127895
pol,5,distance,0,r2,0.9366703767094255,0.005847217678346791
pol,5,distance,1,r2,0.8938303190357605,0.049691523885921886
pol,7,uniform,0,r2,0.930084365077208,0.006102969552374869
pol,7,uniform,1,r2,0.8809791919407319,0.05541506913959745
pol,7,distance,0,r2,0.935693284954738,0.0059067021331935515
pol,7,distance,1,r2,0.8904634873626446,0.05168675695401286
pol,10,uniform,0,r2,0.9264364203133428,0.0068278003210306805
pol,10,uniform,1,r2,0.8738440532854617,0.059610110191960664
pol,10,distance,0,r2,0.9329664783990225,0.006544592534932005
pol,10,distance,1,r2,0.8851620576655342,0.054737606039159156
pol,25,uniform,0,r2,0.9090456779239784,0.008907621136836557
pol,25,uniform,1,r2,0.8405679298570352,0.07366672427148621
pol,25,distance,0,r2,0.9186904756663816,0.008255978764091305
pol,25,distance,1,r2,0.8588697007610913,0.06498239299532145
pol,50,uniform,0,r2,0.8847792216724489,0.01107596768813127
pol,50,uniform,1,r2,0.803197463257046,0.08804430355015556
pol,50,distance,0,r2,0.8989051177829361,0.009883133560159067
pol,50,distance,1,r2,0.8277643203855988,0.07693388678694922
pol,100,uniform,0,r2,0.8355561443820261,0.018034452316306484
pol,100,uniform,1,r2,0.7476286718868954,0.098874381154432
pol,100,distance,0,r2,0.8607625340140859,0.015131926603829145
pol,100,distance,1,r2,0.782245809873624,0.0874267632108438
pol,250,uniform,0,r2,0.6826478130767641,0.02978889363087963
pol,250,uniform,1,r2,0.6110989350725914,0.08787134472392899
pol,250,distance,0,r2,0.7461907551136056,0.024578057907184144
pol,250,distance,1,r2,0.6748634997452696,0.08375593764188165
