dataset,k,ks,order,scaling,metric,mean,std
Brazilian_
houses,3,17,1,learned,r2,0.7699608952903685,0.32958293598468974
Brazilian_
houses,3,17,1,no_scaling,r2,0.6802679225412837,0.5363637757396659
Brazilian_
houses,3,17,2,learned,r2,0.704843311272899,0.4231297967663134
Brazilian_
houses,3,17,2,no_scaling,r2,0.6803199074307086,0.5362195904030932
Brazilian_
houses,3,22,1,learned,r2,0.6915706693047768,0.47707328849169206
Brazilian_
houses,3,22,1,no_scaling,r2,0.660586572571738,0.585226221192477
Brazilian_
houses,3,22,2,learned,r2,0.7664849303591953,0.33702049111782667
Brazilian_
houses,3,22,2,no_scaling,r2,0.6605860597244153,0.5852215279379058
Brazilian_
houses,3,23,1,learned,r2,0.7871209256198877,0.419041041801292
Brazilian_
houses,3,23,1,no_scaling,r2,0.6617205124743631,0.579793226878944
Brazilian_
houses,3,23,2,learned,r2,0.6985481008896386,0.41277288300981657
Brazilian_
houses,3,23,2,no_scaling,r2,0.6671086708165566,0.5650459678853396
Brazilian_
houses,3,24,1,learned,r2,0.8159420019918582,0.3541271215119576
Brazilian_
houses,3,24,1,no_scaling,r2,0.6634163552739949,0.5726156942884548
Brazilian_
houses,3,24,2,learned,r2,0.5709928595350889,0.513410854636721
Brazilian_
houses,3,24,2,no_scaling,r2,0.6628530263728093,0.5741575548412049
Brazilian_
houses,3,38,1,learned,r2,0.6784803511896877,0.5198882191586212
Brazilian_
houses,3,38,1,no_scaling,r2,0.6606293804982228,0.5605683584748897
Brazilian_
houses,3,38,2,learned,r2,0.7316182253316812,0.3499430147270683
Brazilian_
houses,3,38,2,no_scaling,r2,0.6606293992754899,0.5605677990267993
Brazilian_
houses,3,39,1,learned,r2,0.6877927472449074,0.5096948277382637
Brazilian_
houses,3,39,1,no_scaling,r2,0.6690742226161543,0.5354789664591718
Brazilian_
houses,3,39,2,learned,r2,0.6637862929935276,0.5113101420430526
Brazilian_
houses,3,39,2,no_scaling,r2,0.6689366381747226,0.5358541454921625
Brazilian_
houses,3,42,1,learned,r2,0.6633987183095016,0.5021081168462028
Brazilian_
houses,3,42,1,no_scaling,r2,0.6631189234805756,0.5449244352342687
Brazilian_
houses,3,42,2,learned,r2,0.6585693586053255,0.5049005748675932
Brazilian_
houses,3,42,2,no_scaling,r2,0.6631177899608931,0.5449255731091064
Brazilian_
houses,3,51,1,learned,r2,0.7357979997398745,0.3640294409928161
Brazilian_
houses,3,51,1,no_scaling,r2,0.6561732378243763,0.5452087223754615
Brazilian_
houses,3,51,2,learned,r2,0.6381364193761889,0.5323195085198964
Brazilian_
houses,3,51,2,no_scaling,r2,0.6560396229246864,0.5455550329606871
Brazilian_
houses,3,56,1,learned,r2,0.7200105746387057,0.389043528386348
Brazilian_
houses,3,56,1,no_scaling,r2,0.6436505996955473,0.5758407625924096
Brazilian_
houses,3,56,2,learned,r2,0.66985953672053,0.5324107101342566
Brazilian_
houses,3,56,2,no_scaling,r2,0.6430958463360253,0.577310924488826
Brazilian_
houses,3,66,1,learned,r2,0.6688378492904291,0.5343804573251819
Brazilian_
houses,3,66,1,no_scaling,r2,0.6390558446304055,0.5761017812681557
Brazilian_
houses,3,66,2,learned,r2,0.6548730624024065,0.5691757017466136
Brazilian_
houses,3,66,2,no_scaling,r2,0.6390560073372304,0.5761022214899095
Brazilian_
houses,3,71,1,learned,r2,0.6759131166749961,0.4994574268615837
Brazilian_
houses,3,71,1,no_scaling,r2,0.6345342570792605,0.5840709030642427
Brazilian_
houses,3,71,2,learned,r2,0.6648852744807682,0.5225474700210972
Brazilian_
houses,3,71,2,no_scaling,r2,0.6350176174006908,0.5828017577987815
Brazilian_
houses,3,72,1,learned,r2,0.6623132629631738,0.5505856704969904
Brazilian_
houses,3,72,1,no_scaling,r2,0.6356634395547778,0.5805958188738982
Brazilian_
houses,3,72,2,learned,r2,0.00040938975607072157,2.2142673252942227
Brazilian_
houses,3,72,2,no_scaling,r2,0.6356658282730928,0.5806023871972409
Brazilian_
houses,3,73,1,learned,r2,0.6574776078246758,0.4854189406849594
Brazilian_
houses,3,73,1,no_scaling,r2,0.6360364770691465,0.5792207593940192
Brazilian_
houses,3,73,2,learned,r2,0.725720236613778,0.39447307802598497
Brazilian_
houses,3,73,2,no_scaling,r2,0.6355365637634928,0.5805187393346355
Brazilian_
houses,3,75,1,learned,r2,0.6480778147279814,0.5201769583641735
Brazilian_
houses,3,75,1,no_scaling,r2,0.6350854094353144,0.5794547972938608
Brazilian_
houses,3,75,2,learned,r2,0.664764702378872,0.5259010835044585
Brazilian_
houses,3,75,2,no_scaling,r2,0.635086016097088,0.5794532188490824
Brazilian_
houses,3,78,1,learned,r2,0.627624553191049,0.5158422672299547
Brazilian_
houses,3,78,1,no_scaling,r2,0.6331065393615791,0.5838878160784227
Brazilian_
houses,3,78,2,learned,r2,0.734417647293483,0.3930254702853249
Brazilian_
houses,3,78,2,no_scaling,r2,0.633106653606701,0.5838879489820417
Brazilian_
houses,3,86,1,learned,r2,0.663767548426318,0.5269059509447608
Brazilian_
houses,3,86,1,no_scaling,r2,0.6268572362131389,0.5915730094520354
Brazilian_
houses,3,86,2,learned,r2,0.6652487412507729,0.5286945393916814
Brazilian_
houses,3,86,2,no_scaling,r2,0.6261936535296944,0.593359126409264
Brazilian_
houses,3,87,1,learned,r2,0.667010717077736,0.5292113457179124
Brazilian_
houses,3,87,1,no_scaling,r2,0.6273828034795187,0.588465801883126
Brazilian_
houses,3,87,2,learned,r2,0.7454348604698529,0.511600834864864
Brazilian_
houses,3,87,2,no_scaling,r2,0.6273843671715469,0.5884647643522158
Brazilian_
houses,3,123,1,learned,r2,0.6372280871938177,0.5668848412094628
Brazilian_
houses,3,123,1,no_scaling,r2,0.6115791633403107,0.5995864262548986
Brazilian_
houses,3,123,2,learned,r2,0.6181023943157627,0.5614999185973335
Brazilian_
houses,3,123,2,no_scaling,r2,0.6119322518622495,0.598696113354774
Brazilian_
houses,3,124,1,learned,r2,0.6229745295273103,0.5711650552935593
Brazilian_
houses,3,124,1,no_scaling,r2,0.6110546393199237,0.6009232289635612
Brazilian_
houses,3,124,2,learned,r2,0.6895601081270966,0.4459162516715443
Brazilian_
houses,3,124,2,no_scaling,r2,0.6111100123354587,0.6007837716427844
Brazilian_
houses,3,130,1,learned,r2,0.695145737643047,0.43705538722106235
Brazilian_
houses,3,130,1,no_scaling,r2,0.6116115179598505,0.5968422617081305
Brazilian_
houses,3,130,2,learned,r2,0.6287178146954278,0.5667013003994301
Brazilian_
houses,3,130,2,no_scaling,r2,0.6118414124110122,0.5962631259470581
Brazilian_
houses,4,17,1,learned,r2,0.6412331944713647,0.6724861208658015
Brazilian_
houses,4,17,1,no_scaling,r2,0.6437769787650821,0.6234243149515554
Brazilian_
houses,4,17,2,learned,r2,0.5647891328636251,0.6001717309585413
Brazilian_
houses,4,17,2,no_scaling,r2,0.6456028729862459,0.6183575113301799
Brazilian_
houses,4,22,1,learned,r2,0.6630879450108084,0.5948062474553545
Brazilian_
houses,4,22,1,no_scaling,r2,0.6267873046498376,0.6720303520832704
Brazilian_
houses,4,22,2,learned,r2,0.5904487852959706,0.7139789050071828
Brazilian_
houses,4,22,2,no_scaling,r2,0.6267872319185404,0.6720239102296256
Brazilian_
houses,4,23,1,learned,r2,0.5966763845059251,0.6411587546978558
Brazilian_
houses,4,23,1,no_scaling,r2,0.6317615575028299,0.6579382446243188
Brazilian_
houses,4,23,2,learned,r2,0.6713353969456994,0.6964958956078512
Brazilian_
houses,4,23,2,no_scaling,r2,0.6360967276919277,0.6458112427722119
Brazilian_
houses,4,24,1,learned,r2,0.6286457513458228,0.6958152406135502
Brazilian_
houses,4,24,1,no_scaling,r2,0.6341905061687727,0.6517451376587079
Brazilian_
houses,4,24,2,learned,r2,0.6647258166680483,0.586988670328737
Brazilian_
houses,4,24,2,no_scaling,r2,0.6337373005726936,0.6530136182841736
Brazilian_
houses,4,38,1,learned,r2,0.5873301397333467,0.8135344509607201
Brazilian_
houses,4,38,1,no_scaling,r2,0.6217115098904378,0.6676044547233645
Brazilian_
houses,4,38,2,learned,r2,0.7313354792271141,0.6043964350927529
Brazilian_
houses,4,38,2,no_scaling,r2,0.6217114669500143,0.6676039409961112
Brazilian_
houses,4,39,1,learned,r2,0.7093194342004226,0.44391075331817387
Brazilian_
houses,4,39,1,no_scaling,r2,0.6300331030634707,0.6450009463246675
Brazilian_
houses,4,39,2,learned,r2,0.723285412060714,0.6089808104757272
Brazilian_
houses,4,39,2,no_scaling,r2,0.6299182371255035,0.6453273531674611
Brazilian_
houses,4,42,1,learned,r2,0.628181273584645,0.6817881920036242
Brazilian_
houses,4,42,1,no_scaling,r2,0.6231044882123993,0.6595964623220465
Brazilian_
houses,4,42,2,learned,r2,0.5897320307710929,0.7899670016321934
Brazilian_
houses,4,42,2,no_scaling,r2,0.6231036471528075,0.6595973220784409
Brazilian_
houses,4,51,1,learned,r2,0.5770317815980823,0.8020950198134027
Brazilian_
houses,4,51,1,no_scaling,r2,0.6149220631523906,0.6808421919535528
Brazilian_
houses,4,51,2,learned,r2,0.5756699753049808,0.7972601828331382
Brazilian_
houses,4,51,2,no_scaling,r2,0.6148084558073779,0.6811576539297454
Brazilian_
houses,4,56,1,learned,r2,0.6363046145027799,0.6230559902368207
Brazilian_
houses,4,56,1,no_scaling,r2,0.6071752938480461,0.6967232097535551
Brazilian_
houses,4,56,2,learned,r2,0.6304302796409283,0.6363524788159381
Brazilian_
houses,4,56,2,no_scaling,r2,0.6067116239731811,0.6980170044795923
Brazilian_
houses,4,66,1,learned,r2,0.570212606993314,0.802489292451689
Brazilian_
houses,4,66,1,no_scaling,r2,0.6015251622830868,0.7045189041668759
Brazilian_
houses,4,66,2,learned,r2,0.6568261888085578,0.6516588480814374
Brazilian_
houses,4,66,2,no_scaling,r2,0.6015255150861492,0.704519367735279
Brazilian_
houses,4,71,1,learned,r2,0.6258432821531942,0.6363830140429304
Brazilian_
houses,4,71,1,no_scaling,r2,0.5983571759400657,0.7143576211346315
Brazilian_
houses,4,71,2,learned,r2,0.5682151879883444,0.8099345076584928
Brazilian_
houses,4,71,2,no_scaling,r2,0.5987645269897099,0.7132220798647493
Brazilian_
houses,4,72,1,learned,r2,0.6295834406166112,0.6385379036391111
Brazilian_
houses,4,72,1,no_scaling,r2,0.598373727478202,0.7135733427059497
Brazilian_
houses,4,72,2,learned,r2,0.6749377508992258,0.477534664261699
Brazilian_
houses,4,72,2,no_scaling,r2,0.5983747203374973,0.7135805233844773
Brazilian_
houses,4,73,1,learned,r2,0.5933822664186665,0.7090192225226873
Brazilian_
houses,4,73,1,no_scaling,r2,0.5979891461337378,0.7151560944876715
Brazilian_
houses,4,73,2,learned,r2,0.6042601912495181,0.6367749486012187
Brazilian_
houses,4,73,2,no_scaling,r2,0.5975668054959783,0.7163248411182072
Brazilian_
houses,4,75,1,learned,r2,0.5909569240126229,0.7466084679879017
Brazilian_
houses,4,75,1,no_scaling,r2,0.595417139663567,0.7177638700163405
Brazilian_
houses,4,75,2,learned,r2,0.562413436893364,0.7964853419465164
Brazilian_
houses,4,75,2,no_scaling,r2,0.5954178402179593,0.7177619289703003
Brazilian_
houses,4,78,1,learned,r2,0.6339575927740245,0.7848967356376887
Brazilian_
houses,4,78,1,no_scaling,r2,0.593404510776547,0.7245588852522206
Brazilian_
houses,4,78,2,learned,r2,0.6313759580589472,0.6407332622589463
Brazilian_
houses,4,78,2,no_scaling,r2,0.5934050493712514,0.724558419111241
Brazilian_
houses,4,86,1,learned,r2,0.5826632275927238,0.6265647985169873
Brazilian_
houses,4,86,1,no_scaling,r2,0.5871684496032159,0.7335562426846325
Brazilian_
houses,4,86,2,learned,r2,0.6330895756685835,0.6443948847553503
Brazilian_
houses,4,86,2,no_scaling,r2,0.5866008651967326,0.7351786793725357
Brazilian_
houses,4,87,1,learned,r2,0.5628863658729706,0.7453861980012545
Brazilian_
houses,4,87,1,no_scaling,r2,0.5874478096916063,0.7304754401147703
Brazilian_
houses,4,87,2,learned,r2,0.620640359005708,0.6478162861980489
Brazilian_
houses,4,87,2,no_scaling,r2,0.5874488817167163,0.7304747712514348
Brazilian_
houses,4,123,1,learned,r2,0.5794624768958021,0.736680263594139
Brazilian_
houses,4,123,1,no_scaling,r2,0.5743224483433067,0.7380949203461737
Brazilian_
houses,4,123,2,learned,r2,0.5504751479721977,0.8435765359067299
Brazilian_
houses,4,123,2,no_scaling,r2,0.5746227378778642,0.7372737293630223
Brazilian_
houses,4,124,1,learned,r2,0.5524731251314436,0.8406943781080608
Brazilian_
houses,4,124,1,no_scaling,r2,0.573720282401423,0.7400564893720584
Brazilian_
houses,4,124,2,learned,r2,0.7081081347752438,0.6185648762424969
Brazilian_
houses,4,124,2,no_scaling,r2,0.5737674565692796,0.7399277147655684
Brazilian_
houses,4,130,1,learned,r2,0.5931654791837137,0.6897751991504648
Brazilian_
houses,4,130,1,no_scaling,r2,0.5758185005927103,0.7375366245936111
Brazilian_
houses,4,130,2,learned,r2,0.5276817483271868,0.8744786173853255
Brazilian_
houses,4,130,2,no_scaling,r2,0.5760145130326004,0.7369999662414853
wine,3,42,1,learned,r2,0.26501015609815753,0.048639043533195515
wine,3,42,1,no_scaling,r2,0.2555226268791333,0.05386229871668536
wine,3,42,2,learned,r2,0.22847629972887865,0.05006434112565652
wine,3,42,2,no_scaling,r2,0.25552265255381024,0.05386226961701203
wine,3,45,1,learned,r2,0.26360873327227324,0.041602659501383935
wine,3,45,1,no_scaling,r2,0.2725200357740924,0.04804039788343733
wine,3,45,2,learned,r2,0.275963936798908,0.05277548308776412
wine,3,45,2,no_scaling,r2,0.27252003210669024,0.04804038530411753
wine,3,54,1,learned,r2,0.31515802464494547,0.04137841471790625
wine,3,54,1,no_scaling,r2,0.3096422149412396,0.047157300364468156
wine,3,54,2,learned,r2,0.30526714166335156,0.05266452688617631
wine,3,54,2,no_scaling,r2,0.30964225807294665,0.04715728168582728
wine,3,65,1,learned,r2,0.33448599686138253,0.04225785641937294
wine,3,65,1,no_scaling,r2,0.3396205858435283,0.05047724881253063
wine,3,65,2,learned,r2,0.32581647716596046,0.047044860189588526
wine,3,65,2,no_scaling,r2,0.33962055022027177,0.05047720856746365
wine,3,72,1,learned,r2,0.35673061381831594,0.04922377782906053
wine,3,72,1,no_scaling,r2,0.34879603984925817,0.05252581689295713
wine,3,72,2,learned,r2,0.3508123154759549,0.044335185330745264
wine,3,72,2,no_scaling,r2,0.3487961300138106,0.05252579629895751
wine,3,86,1,learned,r2,0.3479899041756103,0.04817847156055384
wine,3,86,1,no_scaling,r2,0.36284147302309855,0.052563335154835474
wine,3,86,2,learned,r2,0.36526976761055163,0.05030307692341364
wine,3,86,2,no_scaling,r2,0.36284146271473067,0.052563450598707026
wine,3,92,1,learned,r2,0.3578919733497007,0.05241426844867829
wine,3,92,1,no_scaling,r2,0.36546191727278177,0.053884133796553164
wine,3,92,2,learned,r2,0.3604703897588669,0.04538842641628708
wine,3,92,2,no_scaling,r2,0.36546192545768125,0.053884177378664785
wine,3,94,1,learned,r2,0.35810522528813643,0.03833468635516769
wine,3,94,1,no_scaling,r2,0.36823578072860397,0.05383156519131581
wine,3,94,2,learned,r2,0.3702764499449822,0.04736252251468744
wine,3,94,2,no_scaling,r2,0.36823582337860705,0.053831541509638425
wine,3,99,1,learned,r2,0.35539157080492856,0.048131461240283356
wine,3,99,1,no_scaling,r2,0.37226650340786654,0.05168794389392749
wine,3,99,2,learned,r2,0.37918700810553946,0.046015428220127184
wine,3,99,2,no_scaling,r2,0.3722665429795349,0.051687935216757686
wine,3,110,1,learned,r2,0.36586216284384393,0.052697786484695204
wine,3,110,1,no_scaling,r2,0.37776517601867804,0.047870149978937196
wine,3,110,2,learned,r2,0.3690133013649713,0.04625064432314051
wine,3,110,2,no_scaling,r2,0.37776515550102047,0.04787020537132919
wine,3,150,1,learned,r2,0.3876210041694683,0.042190718029264274
wine,3,150,1,no_scaling,r2,0.38773362241452847,0.04224900946941855
wine,3,150,2,learned,r2,0.3871765325008356,0.053364864707201067
wine,3,150,2,no_scaling,r2,0.387733578492994,0.04224897426806505
wine,3,154,1,learned,r2,0.3856220552306708,0.033616498538258675
wine,3,154,1,no_scaling,r2,0.3882091316113533,0.04262952080340412
wine,3,154,2,learned,r2,0.3882007322983354,0.047458756906397004
wine,3,154,2,no_scaling,r2,0.3882090619193608,0.042629562313362616
wine,3,158,1,learned,r2,0.38289486266628325,0.043526620627641364
wine,3,158,1,no_scaling,r2,0.388341409022971,0.04274606980520401
wine,3,158,2,learned,r2,0.383598113686612,0.03650539074270782
wine,3,158,2,no_scaling,r2,0.3883413772159139,0.042746130768071065
wine,3,163,1,learned,r2,0.3933630328026907,0.044552546751298154
wine,3,163,1,no_scaling,r2,0.390167035358356,0.04246291093984345
wine,3,163,2,learned,r2,0.38605996344440063,0.03881663314184187
wine,3,163,2,no_scaling,r2,0.39016704124726903,0.04246285156028012
wine,3,170,1,learned,r2,0.3902665641369224,0.04197083125568899
wine,3,170,1,no_scaling,r2,0.39096713724190896,0.04222550100921581
wine,3,170,2,learned,r2,0.38819051021025164,0.04746143349850952
wine,3,170,2,no_scaling,r2,0.3909671287970879,0.042225492836293746
wine,3,173,1,learned,r2,0.3866805574644506,0.03894590763754017
wine,3,173,1,no_scaling,r2,0.3918713462312712,0.04233153001705131
wine,3,173,2,learned,r2,0.3799932311160088,0.03988282514063124
wine,3,173,2,no_scaling,r2,0.3918713149448,0.042331531800391
wine,3,179,1,learned,r2,0.3885472235739247,0.04366578859515406
wine,3,179,1,no_scaling,r2,0.39202988191942356,0.042748266244583305
wine,3,179,2,learned,r2,0.3824676429260071,0.046920915171118155
wine,3,179,2,no_scaling,r2,0.39202990529423654,0.04274820188904281
wine,3,182,1,learned,r2,0.3839108960323576,0.03547125784637637
wine,3,182,1,no_scaling,r2,0.39210796591225444,0.04248979230801743
wine,3,182,2,learned,r2,0.38980694294581053,0.04135366239925407
wine,3,182,2,no_scaling,r2,0.39210790441141996,0.04248977112328178
wine,3,184,1,learned,r2,0.3795395266216509,0.042602242542295554
wine,3,184,1,no_scaling,r2,0.39217737924948537,0.04271992553168659
wine,3,184,2,learned,r2,0.3953999752686367,0.04864001443659227
wine,3,184,2,no_scaling,r2,0.3921773513832206,0.04271992606676627
wine,3,186,1,learned,r2,0.39185669111761623,0.04144425082550497
wine,3,186,1,no_scaling,r2,0.3925633898399974,0.042647912437208654
wine,3,186,2,learned,r2,0.3916849408178599,0.04012279028981294
wine,3,186,2,no_scaling,r2,0.3925633801147422,0.042647952220408465
wine,4,42,1,learned,r2,0.27429105811593923,0.04212535606315149
wine,4,42,1,no_scaling,r2,0.2775455430236415,0.04541290338972164
wine,4,42,2,learned,r2,0.27737211551779073,0.04170361243047992
wine,4,42,2,no_scaling,r2,0.2775455762170457,0.045412877012399835
wine,4,45,1,learned,r2,0.29290426229189376,0.04233833808399373
wine,4,45,1,no_scaling,r2,0.29215002729004513,0.0406762021965345
wine,4,45,2,learned,r2,0.2967784669188157,0.03680190193103612
wine,4,45,2,no_scaling,r2,0.29215010039391914,0.040676143884776826
wine,4,54,1,learned,r2,0.3279506305388559,0.045941058905085576
wine,4,54,1,no_scaling,r2,0.3234934413460802,0.04028201677688218
wine,4,54,2,learned,r2,0.32801550676556546,0.03641909628103534
wine,4,54,2,no_scaling,r2,0.32349346683516245,0.04028195647045203
wine,4,65,1,learned,r2,0.34982714673534865,0.037749122888231686
wine,4,65,1,no_scaling,r2,0.3491785518743428,0.04030637085991786
wine,4,65,2,learned,r2,0.3474243654365421,0.04069852434007137
wine,4,65,2,no_scaling,r2,0.349178510758438,0.04030630519543562
wine,4,72,1,learned,r2,0.3534828224517282,0.04120722734468482
wine,4,72,1,no_scaling,r2,0.35770058163681645,0.04174587396647838
wine,4,72,2,learned,r2,0.35930958805172386,0.045583494775918346
wine,4,72,2,no_scaling,r2,0.35770062427153526,0.04174586064665117
wine,4,86,1,learned,r2,0.362763809405071,0.04154091434429124
wine,4,86,1,no_scaling,r2,0.37046120178207,0.042803409693912074
wine,4,86,2,learned,r2,0.36174601476751145,0.042293910375327315
wine,4,86,2,no_scaling,r2,0.37046119615571466,0.04280349046754143
wine,4,92,1,learned,r2,0.3767030764278273,0.04291545780235184
wine,4,92,1,no_scaling,r2,0.37235419699726463,0.04390138986498661
wine,4,92,2,learned,r2,0.36689926963064246,0.044346974323155534
wine,4,92,2,no_scaling,r2,0.3723541742056229,0.043901452542747
wine,4,94,1,learned,r2,0.37286703288147754,0.03753951155026222
wine,4,94,1,no_scaling,r2,0.3746753200325267,0.043468098953373335
wine,4,94,2,learned,r2,0.3763804465937712,0.04378511695811616
wine,4,94,2,no_scaling,r2,0.374675333287283,0.043468106928324195
wine,4,99,1,learned,r2,0.37062400736183615,0.03405465524901746
wine,4,99,1,no_scaling,r2,0.3790092129792782,0.04187018048341148
wine,4,99,2,learned,r2,0.37403944732520705,0.04612092355008294
wine,4,99,2,no_scaling,r2,0.37900923619684374,0.04187021344015645
wine,4,110,1,learned,r2,0.37198295780169,0.03952405315991769
wine,4,110,1,no_scaling,r2,0.3846474310728866,0.03909901962888656
wine,4,110,2,learned,r2,0.37294079109289013,0.03896687852041637
wine,4,110,2,no_scaling,r2,0.38464742862951457,0.039099033316054604
wine,4,150,1,learned,r2,0.39228597152291844,0.03078722769488865
wine,4,150,1,no_scaling,r2,0.39383900828536833,0.032096811634968664
wine,4,150,2,learned,r2,0.3919702810243318,0.045609105357533423
wine,4,150,2,no_scaling,r2,0.39383900645965764,0.03209677769365277
wine,4,154,1,learned,r2,0.39261750266570294,0.031134937787858204
wine,4,154,1,no_scaling,r2,0.39417064183273687,0.03219783362082923
wine,4,154,2,learned,r2,0.3898054356643563,0.039996322627014184
wine,4,154,2,no_scaling,r2,0.39417057965681535,0.03219786218615006
wine,4,158,1,learned,r2,0.3949619666877212,0.03192104540752791
wine,4,158,1,no_scaling,r2,0.3945843020354355,0.032516059408615815
wine,4,158,2,learned,r2,0.39287330674729415,0.030445517149625474
wine,4,158,2,no_scaling,r2,0.3945842795318738,0.03251611464146123
wine,4,163,1,learned,r2,0.3945790197290262,0.03124289533843795
wine,4,163,1,no_scaling,r2,0.3958710089555044,0.03223438906845303
wine,4,163,2,learned,r2,0.388903066387288,0.039487259395394256
wine,4,163,2,no_scaling,r2,0.39587102606159785,0.03223435849699919
wine,4,170,1,learned,r2,0.3952922708431984,0.03383496911618409
wine,4,170,1,no_scaling,r2,0.39610971488508073,0.03257817605541444
wine,4,170,2,learned,r2,0.3982095182602049,0.034985997258590425
wine,4,170,2,no_scaling,r2,0.3961096849366347,0.03257818996359611
wine,4,173,1,learned,r2,0.39848297607647865,0.030360801479461245
wine,4,173,1,no_scaling,r2,0.39679021370361856,0.03220221136643099
wine,4,173,2,learned,r2,0.39053440294073644,0.03661790588469644
wine,4,173,2,no_scaling,r2,0.3967901746513394,0.0322022281783834
wine,4,179,1,learned,r2,0.38711424427837776,0.042430570863891216
wine,4,179,1,no_scaling,r2,0.39750375126968174,0.03235329326851033
wine,4,179,2,learned,r2,0.39235726742675314,0.036624635475241446
wine,4,179,2,no_scaling,r2,0.39750377042178775,0.0323532460297297
wine,4,182,1,learned,r2,0.39459839674348746,0.03048294340957571
wine,4,182,1,no_scaling,r2,0.39805652164105826,0.031921223359289486
wine,4,182,2,learned,r2,0.3961941083753999,0.036555782888024455
wine,4,182,2,no_scaling,r2,0.3980564552832129,0.03192121971269718
wine,4,184,1,learned,r2,0.39199086093350993,0.032514637939049656
wine,4,184,1,no_scaling,r2,0.3982190912708038,0.031719862615362235
wine,4,184,2,learned,r2,0.3910371473869274,0.037447794098357176
wine,4,184,2,no_scaling,r2,0.39821905772735466,0.031719837738640136
wine,4,186,1,learned,r2,0.39374638221308544,0.03341967922660967
wine,4,186,1,no_scaling,r2,0.39840214315703754,0.03190434269623938
wine,4,186,2,learned,r2,0.39619026702479565,0.030403950518761026
wine,4,186,2,no_scaling,r2,0.39840212801522223,0.0319043759904983
ailerons,3,75,1,learned,r2,0.7689568647315187,0.01308834692761512
ailerons,3,75,1,no_scaling,r2,0.7822982087589322,0.009704121339919458
ailerons,3,75,2,learned,r2,0.763707705872988,0.01927878355372121
ailerons,3,75,2,no_scaling,r2,0.7818576078301233,0.0096159147100759
ailerons,3,86,1,learned,r2,0.7774947736240876,0.013513477344607897
ailerons,3,86,1,no_scaling,r2,0.7891929345621931,0.011981373558450543
ailerons,3,86,2,learned,r2,0.7733311508877406,0.01920171389233261
ailerons,3,86,2,no_scaling,r2,0.7884437274911152,0.012355754817477997
ailerons,3,94,1,learned,r2,0.784158884120272,0.013839019379476522
ailerons,3,94,1,no_scaling,r2,0.7927114026939894,0.014674296403130333
ailerons,3,94,2,learned,r2,0.7768316948425162,0.015482201218126735
ailerons,3,94,2,no_scaling,r2,0.7912996143767503,0.015162824943844683
ailerons,3,116,1,learned,r2,0.7967450087151019,0.011448167788610433
ailerons,3,116,1,no_scaling,r2,0.7986527678343763,0.013392373168415121
ailerons,3,116,2,learned,r2,0.7884931081980039,0.012571484525849249
ailerons,3,116,2,no_scaling,r2,0.7970694003667667,0.013821532227671823
ailerons,3,158,1,learned,r2,0.8083579773614955,0.01285400272204343
ailerons,3,158,1,no_scaling,r2,0.8054988766501096,0.013674547929576501
ailerons,3,158,2,learned,r2,0.806125433980835,0.013241228782930764
ailerons,3,158,2,no_scaling,r2,0.803070515306073,0.014506412614674016
ailerons,3,201,1,learned,r2,0.8194032058558797,0.012562432222302949
ailerons,3,201,1,no_scaling,r2,0.8120149135977671,0.012548623825372009
ailerons,3,201,2,learned,r2,0.8129103234469846,0.01001208660575361
ailerons,3,201,2,no_scaling,r2,0.8095749220247633,0.012744927733293688
ailerons,3,232,1,learned,r2,0.8212276657183388,0.011422191583648485
ailerons,3,232,1,no_scaling,r2,0.8133306361669577,0.013273906581466793
ailerons,3,232,2,learned,r2,0.8200883104767435,0.013004958848540391
ailerons,3,232,2,no_scaling,r2,0.8106256709212338,0.013447077179345495
ailerons,3,233,1,learned,r2,0.8229027507050184,0.013115614633211791
ailerons,3,233,1,no_scaling,r2,0.8136458185179112,0.012978006841218756
ailerons,3,233,2,learned,r2,0.8176607879740685,0.012703862971940452
ailerons,3,233,2,no_scaling,r2,0.8110677345145472,0.013267750393354778
ailerons,3,243,1,learned,r2,0.8202304712764649,0.012992120959754742
ailerons,3,243,1,no_scaling,r2,0.813784547481697,0.012674985151383574
ailerons,3,243,2,learned,r2,0.8169046915651593,0.012793374661713973
ailerons,3,243,2,no_scaling,r2,0.8109270139287508,0.01282502131619418
ailerons,3,277,1,learned,r2,0.8251676820782073,0.012138473091735175
ailerons,3,277,1,no_scaling,r2,0.8157260535697572,0.011816024088379192
ailerons,3,277,2,learned,r2,0.8246840927336248,0.009637377768807577
ailerons,3,277,2,no_scaling,r2,0.813120918953594,0.012529024767148582
ailerons,3,285,1,learned,r2,0.8243110868532856,0.011489380390130128
ailerons,3,285,1,no_scaling,r2,0.8158821535288621,0.01191868591426334
ailerons,3,285,2,learned,r2,0.8265742581020875,0.010049959178111825
ailerons,3,285,2,no_scaling,r2,0.8135081484602177,0.012684888378498103
ailerons,3,292,1,learned,r2,0.8280529375266408,0.009330297799324545
ailerons,3,292,1,no_scaling,r2,0.8170431391774711,0.011486484326711045
ailerons,3,292,2,learned,r2,0.8244066130734842,0.012723305768523834
ailerons,3,292,2,no_scaling,r2,0.8147118112523725,0.012187877682193394
ailerons,3,296,1,learned,r2,0.8241815196108186,0.009853271284064775
ailerons,3,296,1,no_scaling,r2,0.8174133021454371,0.010921415825845476
ailerons,3,296,2,learned,r2,0.82381599560241,0.012693577526713367
ailerons,3,296,2,no_scaling,r2,0.814991464725576,0.011342735962998835
ailerons,3,330,1,learned,r2,0.8318943008135685,0.010017235181537647
ailerons,3,330,1,no_scaling,r2,0.8190206096420592,0.011213219102826895
ailerons,3,330,2,learned,r2,0.8270974069357951,0.011120209398816982
ailerons,3,330,2,no_scaling,r2,0.8169015755091893,0.01182268753615224
ailerons,3,341,1,learned,r2,0.8295039803615145,0.0110938688567156
ailerons,3,341,1,no_scaling,r2,0.8197064656704189,0.010930489297518935
ailerons,3,341,2,learned,r2,0.8245760938222896,0.01039260818000387
ailerons,3,341,2,no_scaling,r2,0.8174367983619135,0.011657835846976529
ailerons,3,357,1,learned,r2,0.829136882093082,0.010259291079713883
ailerons,3,357,1,no_scaling,r2,0.8204548500909267,0.011001232524257477
ailerons,3,357,2,learned,r2,0.8280472821044291,0.00931074786056684
ailerons,3,357,2,no_scaling,r2,0.8185264061495463,0.011349008892440235
ailerons,3,461,1,learned,r2,0.8309400312875974,0.013657903608119623
ailerons,3,461,1,no_scaling,r2,0.8234116965663698,0.010068036224749484
ailerons,3,461,2,learned,r2,0.8308632253803993,0.010161908207075947
ailerons,3,461,2,no_scaling,r2,0.8223768444570659,0.01047970208905341
ailerons,3,485,1,learned,r2,0.834241521193513,0.009384838929600802
ailerons,3,485,1,no_scaling,r2,0.823568522894966,0.010322685687511393
ailerons,3,485,2,learned,r2,0.8309110758002362,0.0082117943613233
ailerons,3,485,2,no_scaling,r2,0.8225491848785994,0.010701987141126263
ailerons,3,551,1,learned,r2,0.8338456271825807,0.00954928390977831
ailerons,3,551,1,no_scaling,r2,0.8240796641468426,0.01052746990001748
ailerons,3,551,2,learned,r2,0.8328223757576646,0.010779651671495912
ailerons,3,551,2,no_scaling,r2,0.8231560971528266,0.011095844879376694
ailerons,3,591,1,learned,r2,0.829955803733389,0.008024758946740219
ailerons,3,591,1,no_scaling,r2,0.824638011545192,0.00986934480568469
ailerons,3,591,2,learned,r2,0.8322313595177577,0.009843133639626921
ailerons,3,591,2,no_scaling,r2,0.823752338792136,0.01014851261490898
ailerons,4,75,1,learned,r2,0.7815338076333032,0.012470526893973122
ailerons,4,75,1,no_scaling,r2,0.7939320033398737,0.010058019786096446
ailerons,4,75,2,learned,r2,0.777253042522924,0.019015418810139857
ailerons,4,75,2,no_scaling,r2,0.7931735386796622,0.010126783418761524
ailerons,4,86,1,learned,r2,0.7848445774251365,0.01414135536042716
ailerons,4,86,1,no_scaling,r2,0.7980843846852247,0.011357071405935695
ailerons,4,86,2,learned,r2,0.784435777197797,0.011755576264530533
ailerons,4,86,2,no_scaling,r2,0.7972044170226368,0.01165392714628546
ailerons,4,94,1,learned,r2,0.7934073447746287,0.012705648243214353
ailerons,4,94,1,no_scaling,r2,0.8012753219449209,0.012533027530471396
ailerons,4,94,2,learned,r2,0.7877557932472155,0.014872655282613027
ailerons,4,94,2,no_scaling,r2,0.8000594437621631,0.013133255381065958
ailerons,4,116,1,learned,r2,0.8070925140718815,0.009510975964881057
ailerons,4,116,1,no_scaling,r2,0.8072036575455952,0.011765028181476511
ailerons,4,116,2,learned,r2,0.8012861293599771,0.011992161997087764
ailerons,4,116,2,no_scaling,r2,0.8057068513806918,0.011993249458535799
ailerons,4,158,1,learned,r2,0.8168616325322965,0.009116109518531902
ailerons,4,158,1,no_scaling,r2,0.8139927106715581,0.013759433662567625
ailerons,4,158,2,learned,r2,0.8137142603562773,0.012312178387922526
ailerons,4,158,2,no_scaling,r2,0.8117720331958633,0.014478123081006277
ailerons,4,201,1,learned,r2,0.8230000150217889,0.013104515598764433
ailerons,4,201,1,no_scaling,r2,0.8195252194509962,0.013029232732389383
ailerons,4,201,2,learned,r2,0.8214254099190266,0.008401957401944929
ailerons,4,201,2,no_scaling,r2,0.8167751990762374,0.013628746105797179
ailerons,4,232,1,learned,r2,0.8286909249790027,0.008156437044705287
ailerons,4,232,1,no_scaling,r2,0.8208838898662776,0.013314386428615165
ailerons,4,232,2,learned,r2,0.8231580536450315,0.010695721741908283
ailerons,4,232,2,no_scaling,r2,0.8184993468307009,0.013684594077934573
ailerons,4,233,1,learned,r2,0.8275749739382651,0.011745420485678452
ailerons,4,233,1,no_scaling,r2,0.8210855844320163,0.013117139903527166
ailerons,4,233,2,learned,r2,0.8272481425729745,0.007987985573393344
ailerons,4,233,2,no_scaling,r2,0.8186654142115511,0.0137008832023797
ailerons,4,243,1,learned,r2,0.8256128768572057,0.011338439344925455
ailerons,4,243,1,no_scaling,r2,0.821541621081989,0.012841534869257208
ailerons,4,243,2,learned,r2,0.8263798687922355,0.008145723263697478
ailerons,4,243,2,no_scaling,r2,0.8191190919165761,0.013285591521284263
ailerons,4,277,1,learned,r2,0.8310212409339229,0.009567694759226364
ailerons,4,277,1,no_scaling,r2,0.822707704459618,0.012311592929062053
ailerons,4,277,2,learned,r2,0.8292077823379949,0.009343941811740525
ailerons,4,277,2,no_scaling,r2,0.8203744380093939,0.012923666408710366
ailerons,4,285,1,learned,r2,0.8304467730442114,0.014286625743875627
ailerons,4,285,1,no_scaling,r2,0.8231296091069739,0.012119498014740023
ailerons,4,285,2,learned,r2,0.8285156431860207,0.009692367285658188
ailerons,4,285,2,no_scaling,r2,0.8210924152200292,0.012799813499877565
ailerons,4,292,1,learned,r2,0.8317962062338033,0.009448833195295393
ailerons,4,292,1,no_scaling,r2,0.8239439841106645,0.011897217582198147
ailerons,4,292,2,learned,r2,0.826151823912275,0.011589716512470056
ailerons,4,292,2,no_scaling,r2,0.8219865540758213,0.012439724381997055
ailerons,4,296,1,learned,r2,0.8291604822283196,0.009075227572699867
ailerons,4,296,1,no_scaling,r2,0.824358057386634,0.011474180590651403
ailerons,4,296,2,learned,r2,0.8303884568915734,0.009412655105007578
ailerons,4,296,2,no_scaling,r2,0.8221992922838288,0.011795756570583077
ailerons,4,330,1,learned,r2,0.8322891139985946,0.012676865097810977
ailerons,4,330,1,no_scaling,r2,0.8258747497853465,0.011890125314773646
ailerons,4,330,2,learned,r2,0.8313648638028072,0.012889620778315269
ailerons,4,330,2,no_scaling,r2,0.8241118312932925,0.012522763575738238
ailerons,4,341,1,learned,r2,0.8331104788752903,0.008246523269808589
ailerons,4,341,1,no_scaling,r2,0.8264708481842888,0.0116040199134576
ailerons,4,341,2,learned,r2,0.8312595342366447,0.01198063550067299
ailerons,4,341,2,no_scaling,r2,0.8244277996212995,0.012306328530205425
ailerons,4,357,1,learned,r2,0.8319690471118983,0.010290241173158146
ailerons,4,357,1,no_scaling,r2,0.8270021516914265,0.011417384422988551
ailerons,4,357,2,learned,r2,0.8332705728792161,0.010702435288606604
ailerons,4,357,2,no_scaling,r2,0.8252241989181792,0.011801536574774984
ailerons,4,461,1,learned,r2,0.8382689806812511,0.00853782173697153
ailerons,4,461,1,no_scaling,r2,0.8296831974920227,0.010179837189189645
ailerons,4,461,2,learned,r2,0.8360172891145023,0.010677944491513625
ailerons,4,461,2,no_scaling,r2,0.8286257702504056,0.010658446742479628
ailerons,4,485,1,learned,r2,0.8371938005667052,0.009139408310157438
ailerons,4,485,1,no_scaling,r2,0.8300269962972144,0.010113162522995508
ailerons,4,485,2,learned,r2,0.8323489864899575,0.011196910411694187
ailerons,4,485,2,no_scaling,r2,0.8290477860800927,0.010682390782085596
ailerons,4,551,1,learned,r2,0.836477711324991,0.009242601882544391
ailerons,4,551,1,no_scaling,r2,0.8305674859070897,0.010248235286764358
ailerons,4,551,2,learned,r2,0.837991856146777,0.008748038876244755
ailerons,4,551,2,no_scaling,r2,0.8297052437213648,0.010851517810126348
ailerons,4,591,1,learned,r2,0.8386193855167818,0.0098288234188683
ailerons,4,591,1,no_scaling,r2,0.8306663839273323,0.009889042018511957
ailerons,4,591,2,learned,r2,0.8385115309522702,0.009592797894417875
ailerons,4,591,2,no_scaling,r2,0.8298580997792098,0.01025512682231942
houses,3,27,1,learned,r2,0.7497636871225118,0.0261263746848356
houses,3,27,1,no_scaling,r2,0.7101904532311604,0.0234014031692737
houses,3,27,2,learned,r2,0.7513609915255445,0.023710822106038445
houses,3,27,2,no_scaling,r2,0.7101899632431945,0.023401350843272203
houses,3,29,1,learned,r2,0.764597254033677,0.018009995301024616
houses,3,29,1,no_scaling,r2,0.7182274199902123,0.022275052121376364
houses,3,29,2,learned,r2,0.7640259237200087,0.018586804027159797
houses,3,29,2,no_scaling,r2,0.7182274491229678,0.022275084635515776
houses,3,46,1,learned,r2,0.7808031742623894,0.01834509453787692
houses,3,46,1,no_scaling,r2,0.7486284227800037,0.020113701239996354
houses,3,46,2,learned,r2,0.781444776173742,0.01886361768411057
houses,3,46,2,no_scaling,r2,0.7486284736756718,0.020113701139102873
houses,3,49,1,learned,r2,0.7830491288563943,0.01677651434774506
houses,3,49,1,no_scaling,r2,0.7507450441993986,0.019608452328984168
houses,3,49,2,learned,r2,0.7805787970340188,0.01826038170740017
houses,3,49,2,no_scaling,r2,0.7507448639351714,0.01960825695897749
houses,3,53,1,learned,r2,0.7834311854977271,0.018323219182487485
houses,3,53,1,no_scaling,r2,0.7520249447002281,0.020532622153409227
houses,3,53,2,learned,r2,0.7780048374022972,0.02099881563466229
houses,3,53,2,no_scaling,r2,0.7520248046002368,0.020532790785800736
houses,3,54,1,learned,r2,0.7880926749433788,0.017241601408897647
houses,3,54,1,no_scaling,r2,0.7526545871029294,0.020161270516621664
houses,3,54,2,learned,r2,0.7858944393396766,0.016799883706881916
houses,3,54,2,no_scaling,r2,0.7526547737122475,0.02016118452436471
houses,3,56,1,learned,r2,0.7840765394881155,0.016725069487892326
houses,3,56,1,no_scaling,r2,0.7538660422824822,0.02072710458320605
houses,3,56,2,learned,r2,0.7844831157530537,0.020098474386003016
houses,3,56,2,no_scaling,r2,0.7538660471770113,0.02072711908462394
houses,3,57,1,learned,r2,0.7872835376289269,0.01878372347706842
houses,3,57,1,no_scaling,r2,0.7546344086145398,0.020928588466122135
houses,3,57,2,learned,r2,0.7867645893445181,0.016742899591531704
houses,3,57,2,no_scaling,r2,0.7546343863490431,0.020928605474468315
houses,3,59,1,learned,r2,0.7846949002222618,0.018884920532897243
houses,3,59,1,no_scaling,r2,0.7551249210325919,0.02090926450139124
houses,3,59,2,learned,r2,0.7845828371093652,0.01671072939144649
houses,3,59,2,no_scaling,r2,0.7551249733166824,0.020909406270393192
houses,3,61,1,learned,r2,0.7882117473126671,0.01798758054159258
houses,3,61,1,no_scaling,r2,0.7558421677352214,0.02063903868684345
houses,3,61,2,learned,r2,0.7870037929316382,0.01769972121267305
houses,3,61,2,no_scaling,r2,0.7558421628316473,0.020638986950196996
houses,3,62,1,learned,r2,0.7897677956975155,0.017915435878447905
houses,3,62,1,no_scaling,r2,0.7562477950824892,0.020171558126400837
houses,3,62,2,learned,r2,0.7846080477284562,0.0187290532196434
houses,3,62,2,no_scaling,r2,0.7562478250465036,0.02017161478256877
houses,3,89,1,learned,r2,0.7946938484200888,0.018477623816218307
houses,3,89,1,no_scaling,r2,0.7625722373070952,0.0190914124101221
houses,3,89,2,learned,r2,0.792661076319761,0.017679281258489537
houses,3,89,2,no_scaling,r2,0.7625721322604506,0.019091411599379396
houses,3,94,1,learned,r2,0.7927996753172988,0.01839015739795488
houses,3,94,1,no_scaling,r2,0.763209308458591,0.018811859628000333
houses,3,94,2,learned,r2,0.7922536222493275,0.0189293709376906
houses,3,94,2,no_scaling,r2,0.7632093692647368,0.018811822836561045
houses,3,95,1,learned,r2,0.7924635220742234,0.018458173313661307
houses,3,95,1,no_scaling,r2,0.7633641332242573,0.018718577625086615
houses,3,95,2,learned,r2,0.7937203284011713,0.015879788257511972
houses,3,95,2,no_scaling,r2,0.7633640971232243,0.018718599478468673
houses,3,101,1,learned,r2,0.7905215351053578,0.01610871765375243
houses,3,101,1,no_scaling,r2,0.7642045259232513,0.018350498656477966
houses,3,101,2,learned,r2,0.792856717222384,0.017667189314575407
houses,3,101,2,no_scaling,r2,0.7642045597637893,0.018350479410498003
houses,3,112,1,learned,r2,0.7895620044085617,0.016954000663296026
houses,3,112,1,no_scaling,r2,0.7650741983825401,0.017645534597833485
houses,3,112,2,learned,r2,0.7927179257032729,0.018426184810611437
houses,3,112,2,no_scaling,r2,0.7650740909854361,0.01764557876864044
houses,3,113,1,learned,r2,0.7912886256145955,0.022043117315747072
houses,3,113,1,no_scaling,r2,0.7650697942503722,0.01760259544131254
houses,3,113,2,learned,r2,0.7920739549926152,0.017382828214379517
houses,3,113,2,no_scaling,r2,0.7650698445491617,0.017602634463946255
houses,3,114,1,learned,r2,0.7927817962621732,0.018276330622330448
houses,3,114,1,no_scaling,r2,0.7650230808331931,0.017518082071059114
houses,3,114,2,learned,r2,0.7939091213036049,0.01735448056754461
houses,3,114,2,no_scaling,r2,0.7650230160678897,0.01751812200118208
houses,3,123,1,learned,r2,0.7910909716635339,0.02140087880373845
houses,3,123,1,no_scaling,r2,0.7658154852018422,0.017056237677793157
houses,3,123,2,learned,r2,0.7937900588784776,0.01704184996721777
houses,3,123,2,no_scaling,r2,0.7658154738496381,0.017056131782614878
houses,3,130,1,learned,r2,0.7954201102463345,0.017124829231513088
houses,3,130,1,no_scaling,r2,0.7658718229929533,0.017062713484477642
houses,3,130,2,learned,r2,0.7935035328632699,0.018950237264142057
houses,3,130,2,no_scaling,r2,0.7658717734394813,0.017062854235072915
houses,4,27,1,learned,r2,0.7668674460801642,0.01987331942865795
houses,4,27,1,no_scaling,r2,0.7255082817424403,0.020147817933812966
houses,4,27,2,learned,r2,0.7687649129535996,0.019151665201717457
houses,4,27,2,no_scaling,r2,0.7255079252900147,0.020147740817376806
houses,4,29,1,learned,r2,0.7746021666991746,0.01855347566093289
houses,4,29,1,no_scaling,r2,0.7320737329502002,0.019897436190986748
houses,4,29,2,learned,r2,0.7727306656541613,0.01598064536512062
houses,4,29,2,no_scaling,r2,0.732073755368979,0.019897455239138696
houses,4,46,1,learned,r2,0.7875844130867714,0.01613207021505668
houses,4,46,1,no_scaling,r2,0.7585296809270593,0.018948044569404854
houses,4,46,2,learned,r2,0.7865283586058223,0.01826273419079499
houses,4,46,2,no_scaling,r2,0.7585297141979813,0.01894805128019766
houses,4,49,1,learned,r2,0.7890033768927619,0.016830949891986594
houses,4,49,1,no_scaling,r2,0.7607717111806135,0.01863535904765811
houses,4,49,2,learned,r2,0.789099760227019,0.016780145993684006
houses,4,49,2,no_scaling,r2,0.7607715636035941,0.018635217342612125
houses,4,53,1,learned,r2,0.7924041774620331,0.016723599887741844
houses,4,53,1,no_scaling,r2,0.7622076898376726,0.018735813505441474
houses,4,53,2,learned,r2,0.7920740242093192,0.016622115168575285
houses,4,53,2,no_scaling,r2,0.7622075944068982,0.018735905392873894
houses,4,54,1,learned,r2,0.7926327712738749,0.016436763611343986
houses,4,54,1,no_scaling,r2,0.7629073631617602,0.018325873497971188
houses,4,54,2,learned,r2,0.7942877776718237,0.01667727791534045
houses,4,54,2,no_scaling,r2,0.762907495650896,0.018325846612504637
houses,4,56,1,learned,r2,0.791193757735693,0.015295438871999849
houses,4,56,1,no_scaling,r2,0.7638008996328259,0.019201621236658223
houses,4,56,2,learned,r2,0.7901519861173797,0.018934389002595815
houses,4,56,2,no_scaling,r2,0.7638008956563664,0.01920162385027078
houses,4,57,1,learned,r2,0.7927003767473009,0.01713164930227243
houses,4,57,1,no_scaling,r2,0.7641156596487918,0.019545396640670124
houses,4,57,2,learned,r2,0.7908945361077023,0.01817702753069987
houses,4,57,2,no_scaling,r2,0.764115641868279,0.019545386467445698
houses,4,59,1,learned,r2,0.7942552694479714,0.016437757812612246
houses,4,59,1,no_scaling,r2,0.7644532162780101,0.01959339402723122
houses,4,59,2,learned,r2,0.791331509857875,0.016807616002832985
houses,4,59,2,no_scaling,r2,0.7644532688729492,0.019593493352277634
houses,4,61,1,learned,r2,0.7930642266787388,0.01927855556654681
houses,4,61,1,no_scaling,r2,0.7650189328121711,0.019447546863313465
houses,4,61,2,learned,r2,0.7926640415754735,0.018017030119808514
houses,4,61,2,no_scaling,r2,0.7650189315739804,0.019447504534911165
houses,4,62,1,learned,r2,0.7951452522630791,0.015910388085368495
houses,4,62,1,no_scaling,r2,0.7653192341865795,0.01899211323307295
houses,4,62,2,learned,r2,0.7944377053238373,0.020085216047462596
houses,4,62,2,no_scaling,r2,0.7653192577456913,0.018992144024886325
houses,4,89,1,learned,r2,0.7993288781759307,0.01702333231727174
houses,4,89,1,no_scaling,r2,0.7724292104900469,0.01793142413047047
houses,4,89,2,learned,r2,0.798531309591911,0.01693781458911628
houses,4,89,2,no_scaling,r2,0.7724291454317112,0.0179313847386155
houses,4,94,1,learned,r2,0.794702329774503,0.019557068056994323
houses,4,94,1,no_scaling,r2,0.7730333090398704,0.017758376412718116
houses,4,94,2,learned,r2,0.7993667779962247,0.01875904431053824
houses,4,94,2,no_scaling,r2,0.7730333338380632,0.017758362410190354
houses,4,95,1,learned,r2,0.800793345886655,0.016491547349853607
houses,4,95,1,no_scaling,r2,0.773082328331108,0.01779742190935033
houses,4,95,2,learned,r2,0.7989680677628532,0.018052563960842403
houses,4,95,2,no_scaling,r2,0.7730823383943021,0.017797483059714736
houses,4,101,1,learned,r2,0.7992459435944684,0.019863358594301456
houses,4,101,1,no_scaling,r2,0.7740109266559256,0.017662847838740198
houses,4,101,2,learned,r2,0.794240500418782,0.020531256033580345
houses,4,101,2,no_scaling,r2,0.7740109397371645,0.01766284314087104
houses,4,112,1,learned,r2,0.7991372841586203,0.0179043849664583
houses,4,112,1,no_scaling,r2,0.7751326016930096,0.017039344634417128
houses,4,112,2,learned,r2,0.7991356334724642,0.016204339073148225
houses,4,112,2,no_scaling,r2,0.775132525501388,0.017039357004329108
houses,4,113,1,learned,r2,0.8007877002586765,0.016611503358449256
houses,4,113,1,no_scaling,r2,0.7752240395836688,0.01695425508180486
houses,4,113,2,learned,r2,0.8011595646463577,0.018497124915500682
houses,4,113,2,no_scaling,r2,0.775224066042554,0.016954288210332482
houses,4,114,1,learned,r2,0.7992978940866248,0.018479314011279956
houses,4,114,1,no_scaling,r2,0.7751378014538779,0.01691842066556572
houses,4,114,2,learned,r2,0.8006991204419167,0.016347214005569217
houses,4,114,2,no_scaling,r2,0.775137761395819,0.016918412934871646
houses,4,123,1,learned,r2,0.8023725995112689,0.017005126159797244
houses,4,123,1,no_scaling,r2,0.7758402227558101,0.016572901906053147
houses,4,123,2,learned,r2,0.7978464461967312,0.018285900925101108
houses,4,123,2,no_scaling,r2,0.7758402020035817,0.016572831647148872
houses,4,130,1,learned,r2,0.7977398942573564,0.013691184429163032
houses,4,130,1,no_scaling,r2,0.7761376381959362,0.016393061678790694
houses,4,130,2,learned,r2,0.7993031241462513,0.016246606693231493
houses,4,130,2,no_scaling,r2,0.776137584265797,0.016393066230607628
house_16H,3,44,1,learned,r2,0.311841525868773,0.09121398121134577
house_16H,3,44,1,no_scaling,r2,0.3016176460684078,0.09226775950309545
house_16H,3,44,2,learned,r2,0.26591695227918477,0.09725712264249536
house_16H,3,44,2,no_scaling,r2,0.29418874817637497,0.09676063571235723
house_16H,3,45,1,learned,r2,0.2907039859195678,0.07923979466734576
house_16H,3,45,1,no_scaling,r2,0.30567880787501744,0.09346679863007974
house_16H,3,45,2,learned,r2,0.2934650970667486,0.07589414300898788
house_16H,3,45,2,no_scaling,r2,0.3019471188263017,0.09437664538655734
house_16H,3,47,1,learned,r2,0.2968962011314449,0.08808348662746719
house_16H,3,47,1,no_scaling,r2,0.31322616324960034,0.09859251843089012
house_16H,3,47,2,learned,r2,0.28400132914423715,0.09766771450559493
house_16H,3,47,2,no_scaling,r2,0.3065848195537086,0.1019255558760854
house_16H,3,48,1,learned,r2,0.29130220699286974,0.061946220599844753
house_16H,3,48,1,no_scaling,r2,0.3142884102845793,0.0961628496039833
house_16H,3,48,2,learned,r2,0.2975373621748846,0.10099932394187139
house_16H,3,48,2,no_scaling,r2,0.30894525723509564,0.09878396972579284
house_16H,3,76,1,learned,r2,0.3904752139920852,0.07318641224243193
house_16H,3,76,1,no_scaling,r2,0.39786013938586584,0.07321686672393561
house_16H,3,76,2,learned,r2,0.4001046321154794,0.06908920748289658
house_16H,3,76,2,no_scaling,r2,0.39897899418110405,0.07252638427501415
house_16H,3,79,1,learned,r2,0.38949090687794624,0.073781989486932
house_16H,3,79,1,no_scaling,r2,0.4006883110846989,0.07310855583478514
house_16H,3,79,2,learned,r2,0.4003718230493843,0.0725081117753202
house_16H,3,79,2,no_scaling,r2,0.40178685841671696,0.07242593204932596
house_16H,3,84,1,learned,r2,0.40167149622364057,0.0750215887664672
house_16H,3,84,1,no_scaling,r2,0.4018961687359689,0.07261544892620812
house_16H,3,84,2,learned,r2,0.40495443079983673,0.07030712745178938
house_16H,3,84,2,no_scaling,r2,0.40327736928767377,0.07215013022097223
house_16H,3,89,1,learned,r2,0.41083210968689005,0.06693378155467991
house_16H,3,89,1,no_scaling,r2,0.40582649380085345,0.07496219449894134
house_16H,3,89,2,learned,r2,0.3908820181135588,0.08338238467882213
house_16H,3,89,2,no_scaling,r2,0.4070698351146754,0.07460699909040693
house_16H,3,103,1,learned,r2,0.4135969983091331,0.07291110167920113
house_16H,3,103,1,no_scaling,r2,0.4092228862412181,0.08551828298353362
house_16H,3,103,2,learned,r2,0.40793898539012974,0.056219759168829424
house_16H,3,103,2,no_scaling,r2,0.40914430666632284,0.08573350451741393
house_16H,3,133,1,learned,r2,0.4110025686640707,0.07921795013645586
house_16H,3,133,1,no_scaling,r2,0.4212767044405711,0.08908511179058456
house_16H,3,133,2,learned,r2,0.4118073571997346,0.06938473334634723
house_16H,3,133,2,no_scaling,r2,0.4213370633469207,0.08899912433817136
house_16H,3,143,1,learned,r2,0.4118344956879983,0.07449520228598515
house_16H,3,143,1,no_scaling,r2,0.41962177891789576,0.0905838021785573
house_16H,3,143,2,learned,r2,0.41578896879608473,0.07959669458044494
house_16H,3,143,2,no_scaling,r2,0.4198855482580467,0.09061547043705376
house_16H,3,144,1,learned,r2,0.4186028025361737,0.0793883728138703
house_16H,3,144,1,no_scaling,r2,0.4199312514492598,0.09000096833380744
house_16H,3,144,2,learned,r2,0.4301104911720536,0.07593633302810936
house_16H,3,144,2,no_scaling,r2,0.42023854683021716,0.09000281502887832
house_16H,3,146,1,learned,r2,0.42232778177652264,0.08325228076150033
house_16H,3,146,1,no_scaling,r2,0.4201110158170449,0.09012433085541534
house_16H,3,146,2,learned,r2,0.4141007785164934,0.08396069163490068
house_16H,3,146,2,no_scaling,r2,0.42019649647992247,0.09014303003614979
house_16H,3,151,1,learned,r2,0.42954504265641624,0.08525065951594582
house_16H,3,151,1,no_scaling,r2,0.41935615024944345,0.09154594625681935
house_16H,3,151,2,learned,r2,0.4363130693688849,0.07037768977030966
house_16H,3,151,2,no_scaling,r2,0.4196034049510205,0.09159740505360073
house_16H,3,157,1,learned,r2,0.4219587855667782,0.09178689654870202
house_16H,3,157,1,no_scaling,r2,0.4219587855667782,0.09178689654870202
house_16H,3,157,2,learned,r2,0.4312392183117587,0.0861176222165608
house_16H,3,157,2,no_scaling,r2,0.42227276776303413,0.09173975058542974
house_16H,3,172,1,learned,r2,0.42300296418161426,0.07450581728773085
house_16H,3,172,1,no_scaling,r2,0.42469202020998303,0.08838193800571627
house_16H,3,172,2,learned,r2,0.4275855814432261,0.08990039957398413
house_16H,3,172,2,no_scaling,r2,0.42496891986941215,0.08831859372128152
house_16H,3,174,1,learned,r2,0.43312932299309176,0.08101217877964806
house_16H,3,174,1,no_scaling,r2,0.42251527684983137,0.09112639816141921
house_16H,3,174,2,learned,r2,0.43067233165448887,0.08999451660716724
house_16H,3,174,2,no_scaling,r2,0.4229445927475116,0.0910619866352421
house_16H,3,246,1,learned,r2,0.4447173098169047,0.07511839067990901
house_16H,3,246,1,no_scaling,r2,0.4317387279400246,0.08358392510651941
house_16H,3,246,2,learned,r2,0.433470017161805,0.07827086834912957
house_16H,3,246,2,no_scaling,r2,0.4317214648232256,0.08369840540653216
house_16H,3,248,1,learned,r2,0.44017489634739604,0.0762701940542429
house_16H,3,248,1,no_scaling,r2,0.4320484570970101,0.08324760950716308
house_16H,3,248,2,learned,r2,0.4273925839961764,0.08423920697833258
house_16H,3,248,2,no_scaling,r2,0.4321964652815476,0.08327511936675905
house_16H,3,261,1,learned,r2,0.44514969508435076,0.07749077680070535
house_16H,3,261,1,no_scaling,r2,0.4321920284102335,0.0820544631554252
house_16H,3,261,2,learned,r2,0.44310950086712,0.0747461973679977
house_16H,3,261,2,no_scaling,r2,0.4322785684566567,0.08222357692560292
house_16H,4,44,1,learned,r2,0.3186388231983536,0.0970785487502357
house_16H,4,44,1,no_scaling,r2,0.3330283424740875,0.09682807164049141
house_16H,4,44,2,learned,r2,0.31341151567155523,0.10820903451303256
house_16H,4,44,2,no_scaling,r2,0.3223821146709408,0.10872396842771001
house_16H,4,45,1,learned,r2,0.31771019536893486,0.10096448287943957
house_16H,4,45,1,no_scaling,r2,0.33788936111453916,0.09416271823371214
house_16H,4,45,2,learned,r2,0.3027844719376692,0.0733383001180252
house_16H,4,45,2,no_scaling,r2,0.3317398689455872,0.09756044366161763
house_16H,4,47,1,learned,r2,0.32253980627969736,0.09608107083143734
house_16H,4,47,1,no_scaling,r2,0.34267663882459903,0.09977641178641365
house_16H,4,47,2,learned,r2,0.3177481528871528,0.10385974872306196
house_16H,4,47,2,no_scaling,r2,0.3341365338625576,0.10484596458389343
house_16H,4,48,1,learned,r2,0.3379246653856721,0.09940187778606646
house_16H,4,48,1,no_scaling,r2,0.34397730320994147,0.09839962768167178
house_16H,4,48,2,learned,r2,0.303995292479662,0.14888926765456645
house_16H,4,48,2,no_scaling,r2,0.33507100664501643,0.1042639987165005
house_16H,4,76,1,learned,r2,0.4190193860446939,0.05369221890615154
house_16H,4,76,1,no_scaling,r2,0.4191030665982763,0.08001581144353499
house_16H,4,76,2,learned,r2,0.4106983475136454,0.06843845538680018
house_16H,4,76,2,no_scaling,r2,0.42000304232904184,0.08006132395708394
house_16H,4,79,1,learned,r2,0.41778427955973585,0.07085999300434699
house_16H,4,79,1,no_scaling,r2,0.4223181999545608,0.07924422084083355
house_16H,4,79,2,learned,r2,0.41440084589018494,0.07594655098613369
house_16H,4,79,2,no_scaling,r2,0.42312854871961064,0.07918843877411122
house_16H,4,84,1,learned,r2,0.42165037633849217,0.06622679614061752
house_16H,4,84,1,no_scaling,r2,0.4241156539312943,0.07865775517425797
house_16H,4,84,2,learned,r2,0.41450536766968443,0.07385007712125068
house_16H,4,84,2,no_scaling,r2,0.4251077626587215,0.07861539229735359
house_16H,4,89,1,learned,r2,0.4033852101415656,0.08439406578965622
house_16H,4,89,1,no_scaling,r2,0.42621586044583726,0.08115040405427339
house_16H,4,89,2,learned,r2,0.4163115432376931,0.06764550389564641
house_16H,4,89,2,no_scaling,r2,0.4270464211939554,0.08102713861115132
house_16H,4,103,1,learned,r2,0.42046931523602116,0.07470154007261762
house_16H,4,103,1,no_scaling,r2,0.42924413399736155,0.0844110545911823
house_16H,4,103,2,learned,r2,0.4089260804909105,0.07138678025362302
house_16H,4,103,2,no_scaling,r2,0.4292900729352208,0.08443584937101763
house_16H,4,133,1,learned,r2,0.4389992583999797,0.09062646637792236
house_16H,4,133,1,no_scaling,r2,0.4387895506000478,0.0908329717544142
house_16H,4,133,2,learned,r2,0.44563902986396453,0.08582927229071532
house_16H,4,133,2,no_scaling,r2,0.43896102454636143,0.09074364084155977
house_16H,4,143,1,learned,r2,0.42985862941774855,0.09203944755086006
house_16H,4,143,1,no_scaling,r2,0.4389237627333216,0.09257397023551497
house_16H,4,143,2,learned,r2,0.43926116508203483,0.08495233008942046
house_16H,4,143,2,no_scaling,r2,0.4392415628222902,0.09257816307315435
house_16H,4,144,1,learned,r2,0.4465267535958663,0.08465016810849689
house_16H,4,144,1,no_scaling,r2,0.43934972604355893,0.09226617942679759
house_16H,4,144,2,learned,r2,0.435368106523884,0.08074690309401601
house_16H,4,144,2,no_scaling,r2,0.4396660091286798,0.09223397106587078
house_16H,4,146,1,learned,r2,0.4309907303096273,0.08736857690603766
house_16H,4,146,1,no_scaling,r2,0.439553547839797,0.09208471211094649
house_16H,4,146,2,learned,r2,0.4395337631565231,0.09141631268143992
house_16H,4,146,2,no_scaling,r2,0.43971237620032894,0.09205857784419054
house_16H,4,151,1,learned,r2,0.44387633147342365,0.0871807892593991
house_16H,4,151,1,no_scaling,r2,0.43944550820074363,0.09198628797808593
house_16H,4,151,2,learned,r2,0.4323972781011731,0.08498757094156174
house_16H,4,151,2,no_scaling,r2,0.43972493962617526,0.09198217507645375
house_16H,4,157,1,learned,r2,0.44269734506422703,0.07616228972707881
house_16H,4,157,1,no_scaling,r2,0.4410500645963453,0.09207832815317614
house_16H,4,157,2,learned,r2,0.4432798894100465,0.08201382192719536
house_16H,4,157,2,no_scaling,r2,0.4413778793897122,0.09201776273745588
house_16H,4,172,1,learned,r2,0.4390908126385936,0.07989107358310699
house_16H,4,172,1,no_scaling,r2,0.4410187090528071,0.0879719537942598
house_16H,4,172,2,learned,r2,0.4438736339967514,0.08357566076853744
house_16H,4,172,2,no_scaling,r2,0.4412809160575515,0.08791946135020297
house_16H,4,174,1,learned,r2,0.43760373488990156,0.07604980335079185
house_16H,4,174,1,no_scaling,r2,0.4382399116021077,0.09117349739884516
house_16H,4,174,2,learned,r2,0.4364542994176602,0.08670024562853539
house_16H,4,174,2,no_scaling,r2,0.4385985267228089,0.09116807448731801
house_16H,4,246,1,learned,r2,0.44928796636262813,0.07440833439114006
house_16H,4,246,1,no_scaling,r2,0.4462798052211995,0.08598309532735476
house_16H,4,246,2,learned,r2,0.45091587459507815,0.0767004122897163
house_16H,4,246,2,no_scaling,r2,0.44630581646361145,0.08606711423867323
house_16H,4,248,1,learned,r2,0.46003013689117245,0.07062550647641276
house_16H,4,248,1,no_scaling,r2,0.4466915941848243,0.0859179514960093
house_16H,4,248,2,learned,r2,0.4485201206236692,0.0770984857897076
house_16H,4,248,2,no_scaling,r2,0.44684584113124914,0.08593942876524342
house_16H,4,261,1,learned,r2,0.4472817449527214,0.08396693403855109
house_16H,4,261,1,no_scaling,r2,0.4466475389464669,0.08522587913623411
house_16H,4,261,2,learned,r2,0.45480788665249533,0.0699066498008879
house_16H,4,261,2,no_scaling,r2,0.44674664094354133,0.0853509973611821
Bike_Sharing_Demand,3,22,1,learned,r2,0.5924832326309889,0.029970373772322183
Bike_Sharing_Demand,3,22,1,no_scaling,r2,0.5217052758585898,0.02460566823837218
Bike_Sharing_Demand,3,22,2,learned,r2,0.5745481243579139,0.05475978400612813
Bike_Sharing_Demand,3,22,2,no_scaling,r2,0.5216771634208387,0.024597157497045656
Bike_Sharing_Demand,3,23,1,learned,r2,0.5925526407151626,0.04453801636690088
Bike_Sharing_Demand,3,23,1,no_scaling,r2,0.5175625090252107,0.031421360802937615
Bike_Sharing_Demand,3,23,2,learned,r2,0.5795813038939628,0.059794175473538276
Bike_Sharing_Demand,3,23,2,no_scaling,r2,0.5175973781931187,0.0313500661642069
Bike_Sharing_Demand,3,28,1,learned,r2,0.5993717005282523,0.04345132163593494
Bike_Sharing_Demand,3,28,1,no_scaling,r2,0.5416450114002546,0.028428830050812925
Bike_Sharing_Demand,3,28,2,learned,r2,0.6138733387260303,0.03515157466074778
Bike_Sharing_Demand,3,28,2,no_scaling,r2,0.5416488725151278,0.028365926770642792
Bike_Sharing_Demand,3,37,1,learned,r2,0.6242789817711899,0.03350105110952116
Bike_Sharing_Demand,3,37,1,no_scaling,r2,0.5630297353533379,0.02718282631037148
Bike_Sharing_Demand,3,37,2,learned,r2,0.6111555911870854,0.044669220649131515
Bike_Sharing_Demand,3,37,2,no_scaling,r2,0.5630376271667007,0.02711005226692238
Bike_Sharing_Demand,3,40,1,learned,r2,0.6222037778761444,0.03229666403905185
Bike_Sharing_Demand,3,40,1,no_scaling,r2,0.5667511777044208,0.024920574776575635
Bike_Sharing_Demand,3,40,2,learned,r2,0.6089048055008925,0.02839859356475381
Bike_Sharing_Demand,3,40,2,no_scaling,r2,0.5667343368565505,0.02491262388831171
Bike_Sharing_Demand,3,44,1,learned,r2,0.613979937981136,0.04589497254382056
Bike_Sharing_Demand,3,44,1,no_scaling,r2,0.5694929086615492,0.024345743887006978
Bike_Sharing_Demand,3,44,2,learned,r2,0.6336072374050563,0.03325299635456872
Bike_Sharing_Demand,3,44,2,no_scaling,r2,0.5694840986778298,0.024325772108479603
Bike_Sharing_Demand,3,47,1,learned,r2,0.5964423719418247,0.05279779431782966
Bike_Sharing_Demand,3,47,1,no_scaling,r2,0.5702932183816581,0.02405960053626267
Bike_Sharing_Demand,3,47,2,learned,r2,0.6327412291083357,0.032740769815734386
Bike_Sharing_Demand,3,47,2,no_scaling,r2,0.5703300423395881,0.02400509940937679
Bike_Sharing_Demand,3,48,1,learned,r2,0.6128521703162381,0.0463824691265598
Bike_Sharing_Demand,3,48,1,no_scaling,r2,0.5706810491489559,0.02356487517934875
Bike_Sharing_Demand,3,48,2,learned,r2,0.6331546389280642,0.04002199545200104
Bike_Sharing_Demand,3,48,2,no_scaling,r2,0.5706823638132146,0.023497334046520064
Bike_Sharing_Demand,3,50,1,learned,r2,0.627330821477286,0.03532884545332716
Bike_Sharing_Demand,3,50,1,no_scaling,r2,0.5711758816614232,0.024235175081890114
Bike_Sharing_Demand,3,50,2,learned,r2,0.6288363374118504,0.03698599500780886
Bike_Sharing_Demand,3,50,2,no_scaling,r2,0.5711592195637026,0.024201468282441255
Bike_Sharing_Demand,3,53,1,learned,r2,0.623367051344235,0.04087695069315413
Bike_Sharing_Demand,3,53,1,no_scaling,r2,0.5731354343542943,0.023967000341502315
Bike_Sharing_Demand,3,53,2,learned,r2,0.627331492987192,0.041810147945310586
Bike_Sharing_Demand,3,53,2,no_scaling,r2,0.5731467506234116,0.02391313707242689
Bike_Sharing_Demand,3,56,1,learned,r2,0.6149984731374131,0.04552389156195555
Bike_Sharing_Demand,3,56,1,no_scaling,r2,0.5744222499612966,0.023477396430288854
Bike_Sharing_Demand,3,56,2,learned,r2,0.6288157419637019,0.042417929484775165
Bike_Sharing_Demand,3,56,2,no_scaling,r2,0.5744162748407496,0.02345850490898761
Bike_Sharing_Demand,3,76,1,learned,r2,0.6248797262046581,0.04191352313736997
Bike_Sharing_Demand,3,76,1,no_scaling,r2,0.5807094811258111,0.022771595509140954
Bike_Sharing_Demand,3,76,2,learned,r2,0.6299718078144172,0.04166860484047831
Bike_Sharing_Demand,3,76,2,no_scaling,r2,0.5807134734086219,0.022762066076130783
Bike_Sharing_Demand,3,78,1,learned,r2,0.626857613115308,0.034194590106874964
Bike_Sharing_Demand,3,78,1,no_scaling,r2,0.5807078018615478,0.022883042528117077
Bike_Sharing_Demand,3,78,2,learned,r2,0.6293206680406196,0.03489147110957524
Bike_Sharing_Demand,3,78,2,no_scaling,r2,0.5806930704481367,0.022867339806424965
Bike_Sharing_Demand,3,80,1,learned,r2,0.6311177204708215,0.04385756578985088
Bike_Sharing_Demand,3,80,1,no_scaling,r2,0.580886418248748,0.022871201274941997
Bike_Sharing_Demand,3,80,2,learned,r2,0.6190668714663686,0.04672820725423013
Bike_Sharing_Demand,3,80,2,no_scaling,r2,0.5808946298147505,0.022842359248267628
Bike_Sharing_Demand,3,82,1,learned,r2,0.6397786558274253,0.02031398392005889
Bike_Sharing_Demand,3,82,1,no_scaling,r2,0.5818022410169262,0.022385693777472637
Bike_Sharing_Demand,3,82,2,learned,r2,0.6367426489939452,0.036524419121313836
Bike_Sharing_Demand,3,82,2,no_scaling,r2,0.5818015130416242,0.022371141795394053
Bike_Sharing_Demand,3,90,1,learned,r2,0.6258139146462247,0.02363116991354664
Bike_Sharing_Demand,3,90,1,no_scaling,r2,0.5812420996401154,0.02252000653449978
Bike_Sharing_Demand,3,90,2,learned,r2,0.632384351267986,0.03965392374317793
Bike_Sharing_Demand,3,90,2,no_scaling,r2,0.581239364666273,0.02249429559392742
Bike_Sharing_Demand,3,92,1,learned,r2,0.6249151624115197,0.035542519299150296
Bike_Sharing_Demand,3,92,1,no_scaling,r2,0.5812822671783283,0.02301720412677963
Bike_Sharing_Demand,3,92,2,learned,r2,0.615493892501969,0.04155711704084463
Bike_Sharing_Demand,3,92,2,no_scaling,r2,0.5812747498326585,0.022991013754831303
Bike_Sharing_Demand,3,93,1,learned,r2,0.6235773853607447,0.03607437049149923
Bike_Sharing_Demand,3,93,1,no_scaling,r2,0.581394544272932,0.022981657686575653
Bike_Sharing_Demand,3,93,2,learned,r2,0.6413912193775093,0.030530918613258656
Bike_Sharing_Demand,3,93,2,no_scaling,r2,0.5813872087195934,0.02294695607992493
Bike_Sharing_Demand,3,94,1,learned,r2,0.6330454804797723,0.03161216708126254
Bike_Sharing_Demand,3,94,1,no_scaling,r2,0.5822108997760134,0.022309501757891106
Bike_Sharing_Demand,3,94,2,learned,r2,0.6405429423978626,0.03541564492832348
Bike_Sharing_Demand,3,94,2,no_scaling,r2,0.582216037276732,0.02227259484998655
Bike_Sharing_Demand,3,102,1,learned,r2,0.6251967782526455,0.04197276070728854
Bike_Sharing_Demand,3,102,1,no_scaling,r2,0.5830610659580422,0.021563064825606198
Bike_Sharing_Demand,3,102,2,learned,r2,0.6364791203732377,0.03416405401221068
Bike_Sharing_Demand,3,102,2,no_scaling,r2,0.583065926964904,0.02154709292436362
Bike_Sharing_Demand,4,22,1,learned,r2,0.5927408493246137,0.03993666265525587
Bike_Sharing_Demand,4,22,1,no_scaling,r2,0.5375930420338048,0.02400778055736686
Bike_Sharing_Demand,4,22,2,learned,r2,0.6041980385443265,0.04645995524974913
Bike_Sharing_Demand,4,22,2,no_scaling,r2,0.5374974231317695,0.024005361252194445
Bike_Sharing_Demand,4,23,1,learned,r2,0.6090861719552789,0.02991953468406184
Bike_Sharing_Demand,4,23,1,no_scaling,r2,0.538922915536211,0.022261782929307833
Bike_Sharing_Demand,4,23,2,learned,r2,0.5993980508992671,0.05013347181624332
Bike_Sharing_Demand,4,23,2,no_scaling,r2,0.5389423122640011,0.02221672345801212
Bike_Sharing_Demand,4,28,1,learned,r2,0.6112854628933073,0.053392538890272526
Bike_Sharing_Demand,4,28,1,no_scaling,r2,0.5601463480807534,0.024002014319590023
Bike_Sharing_Demand,4,28,2,learned,r2,0.6268706477538306,0.02358152993986725
Bike_Sharing_Demand,4,28,2,no_scaling,r2,0.5601332156870411,0.023972835994122654
Bike_Sharing_Demand,4,37,1,learned,r2,0.6388808866848932,0.03798019509572671
Bike_Sharing_Demand,4,37,1,no_scaling,r2,0.5774108819943218,0.02190003771396418
Bike_Sharing_Demand,4,37,2,learned,r2,0.6284838433720993,0.05311474999923224
Bike_Sharing_Demand,4,37,2,no_scaling,r2,0.5773733000731396,0.0218632117340877
Bike_Sharing_Demand,4,40,1,learned,r2,0.6340061978636765,0.0386728244333936
Bike_Sharing_Demand,4,40,1,no_scaling,r2,0.5807043538444556,0.02070461314381144
Bike_Sharing_Demand,4,40,2,learned,r2,0.6376687826023109,0.03716345223847146
Bike_Sharing_Demand,4,40,2,no_scaling,r2,0.5807062786456292,0.02068254210078066
Bike_Sharing_Demand,4,44,1,learned,r2,0.6482034207290279,0.028916552095020556
Bike_Sharing_Demand,4,44,1,no_scaling,r2,0.5838350943525262,0.019931117040735715
Bike_Sharing_Demand,4,44,2,learned,r2,0.6352953062038234,0.03777524302043022
Bike_Sharing_Demand,4,44,2,no_scaling,r2,0.5837677352513422,0.019910845674401274
Bike_Sharing_Demand,4,47,1,learned,r2,0.6455541402084133,0.02725846387122021
Bike_Sharing_Demand,4,47,1,no_scaling,r2,0.5858107037583802,0.018897951214361868
Bike_Sharing_Demand,4,47,2,learned,r2,0.6465809292527973,0.02341317488946146
Bike_Sharing_Demand,4,47,2,no_scaling,r2,0.5858266232858729,0.018884141592349274
Bike_Sharing_Demand,4,48,1,learned,r2,0.6306656645319673,0.039574663265004584
Bike_Sharing_Demand,4,48,1,no_scaling,r2,0.586484549614602,0.018254347164378636
Bike_Sharing_Demand,4,48,2,learned,r2,0.631882605597534,0.034034353190224596
Bike_Sharing_Demand,4,48,2,no_scaling,r2,0.5864368240805382,0.018223218546581748
Bike_Sharing_Demand,4,50,1,learned,r2,0.6287672870492577,0.04684167674317243
Bike_Sharing_Demand,4,50,1,no_scaling,r2,0.5868678390891944,0.018605722600852845
Bike_Sharing_Demand,4,50,2,learned,r2,0.6276165556910069,0.041890415515390474
Bike_Sharing_Demand,4,50,2,no_scaling,r2,0.5868363343438474,0.018579174688317407
Bike_Sharing_Demand,4,53,1,learned,r2,0.639197640901442,0.03499262284321249
Bike_Sharing_Demand,4,53,1,no_scaling,r2,0.5883790110594002,0.018249865202524213
Bike_Sharing_Demand,4,53,2,learned,r2,0.6479615393608703,0.02490594255799291
Bike_Sharing_Demand,4,53,2,no_scaling,r2,0.5883442191192372,0.01824135836832928
Bike_Sharing_Demand,4,56,1,learned,r2,0.6372382916442536,0.03484566636709044
Bike_Sharing_Demand,4,56,1,no_scaling,r2,0.5887907629947967,0.01817438241793652
Bike_Sharing_Demand,4,56,2,learned,r2,0.647069893902839,0.023910444018403077
Bike_Sharing_Demand,4,56,2,no_scaling,r2,0.5887097972771504,0.01821226257026112
Bike_Sharing_Demand,4,76,1,learned,r2,0.6448496255422038,0.04093784825576968
Bike_Sharing_Demand,4,76,1,no_scaling,r2,0.5913761799415045,0.02085717188075048
Bike_Sharing_Demand,4,76,2,learned,r2,0.6592625511883641,0.027444623651036545
Bike_Sharing_Demand,4,76,2,no_scaling,r2,0.5913806307219722,0.020867217429526883
Bike_Sharing_Demand,4,78,1,learned,r2,0.6329573072957186,0.0351599958885545
Bike_Sharing_Demand,4,78,1,no_scaling,r2,0.5910239250082536,0.021279330326938933
Bike_Sharing_Demand,4,78,2,learned,r2,0.6546034885397031,0.03142184446431594
Bike_Sharing_Demand,4,78,2,no_scaling,r2,0.5910047592927028,0.021298181567484687
Bike_Sharing_Demand,4,80,1,learned,r2,0.6301393724099753,0.04815298339345607
Bike_Sharing_Demand,4,80,1,no_scaling,r2,0.5914578099960756,0.02107851851513661
Bike_Sharing_Demand,4,80,2,learned,r2,0.6460933422378903,0.028675583272516694
Bike_Sharing_Demand,4,80,2,no_scaling,r2,0.5914508439476791,0.02110273016386097
Bike_Sharing_Demand,4,82,1,learned,r2,0.6268467768659879,0.0331272766621515
Bike_Sharing_Demand,4,82,1,no_scaling,r2,0.5915287582437305,0.021292206003074642
Bike_Sharing_Demand,4,82,2,learned,r2,0.6353517180478511,0.048761162656237804
Bike_Sharing_Demand,4,82,2,no_scaling,r2,0.5915149163848776,0.02134147819053029
Bike_Sharing_Demand,4,90,1,learned,r2,0.6317769180941925,0.034626755176228985
Bike_Sharing_Demand,4,90,1,no_scaling,r2,0.5930727452664227,0.018572917767173708
Bike_Sharing_Demand,4,90,2,learned,r2,0.6517039265906666,0.0324410918119304
Bike_Sharing_Demand,4,90,2,no_scaling,r2,0.5930235000972199,0.01863318158412138
Bike_Sharing_Demand,4,92,1,learned,r2,0.6429339328697397,0.03901537913158566
Bike_Sharing_Demand,4,92,1,no_scaling,r2,0.5932919198208526,0.01876821208097684
Bike_Sharing_Demand,4,92,2,learned,r2,0.6482082518777492,0.03959700244578418
Bike_Sharing_Demand,4,92,2,no_scaling,r2,0.5932398178651873,0.018824336176696203
Bike_Sharing_Demand,4,93,1,learned,r2,0.6600995860217087,0.029030163485386635
Bike_Sharing_Demand,4,93,1,no_scaling,r2,0.5935224365072906,0.018599804299308225
Bike_Sharing_Demand,4,93,2,learned,r2,0.6408254234496371,0.0441662798313626
Bike_Sharing_Demand,4,93,2,no_scaling,r2,0.5935001536279149,0.018612716755438654
Bike_Sharing_Demand,4,94,1,learned,r2,0.6569030564535935,0.03104684631330495
Bike_Sharing_Demand,4,94,1,no_scaling,r2,0.5935183930725414,0.01942220108520562
Bike_Sharing_Demand,4,94,2,learned,r2,0.6517555737039629,0.04189125409063445
Bike_Sharing_Demand,4,94,2,no_scaling,r2,0.5935199598380307,0.019421434548313285
Bike_Sharing_Demand,4,102,1,learned,r2,0.6419520912693033,0.04129819166960679
Bike_Sharing_Demand,4,102,1,no_scaling,r2,0.5931450166343518,0.020503609005221676
Bike_Sharing_Demand,4,102,2,learned,r2,0.6427310304022603,0.037896016001465124
Bike_Sharing_Demand,4,102,2,no_scaling,r2,0.5931330919636585,0.020562821886092594
house_sales,3,37,1,learned,r2,0.822004332671215,0.011259947786914823
house_sales,3,37,1,no_scaling,r2,0.7492797769521484,0.028100801342360166
house_sales,3,37,2,learned,r2,0.8181583430739817,0.022722484222316004
house_sales,3,37,2,no_scaling,r2,0.7492801376143576,0.028101203471455168
house_sales,3,42,1,learned,r2,0.8308552068388705,0.01532096250148573
house_sales,3,42,1,no_scaling,r2,0.7616062147994691,0.016637142532793078
house_sales,3,42,2,learned,r2,0.8375359708572494,0.007786039817328889
house_sales,3,42,2,no_scaling,r2,0.7616059035311672,0.01663723917112438
house_sales,3,53,1,learned,r2,0.8473504458827232,0.007036164586462032
house_sales,3,53,1,no_scaling,r2,0.7824345218774926,0.011276965240443764
house_sales,3,53,2,learned,r2,0.8476201573880132,0.009091528339809914
house_sales,3,53,2,no_scaling,r2,0.7824343616473299,0.01127708059769896
house_sales,3,71,1,learned,r2,0.8566358895585198,0.010449431855605668
house_sales,3,71,1,no_scaling,r2,0.7979337848645625,0.010707301236230262
house_sales,3,71,2,learned,r2,0.8577781791165109,0.007497551261449108
house_sales,3,71,2,no_scaling,r2,0.7979338971212758,0.010707290402391111
house_sales,3,84,1,learned,r2,0.8604229297698123,0.00897126113218509
house_sales,3,84,1,no_scaling,r2,0.8032022741224575,0.010561065032380202
house_sales,3,84,2,learned,r2,0.8609020946340691,0.010350553162630246
house_sales,3,84,2,no_scaling,r2,0.8032022979592499,0.010561038939956975
house_sales,3,86,1,learned,r2,0.8615704728925859,0.008953397348306717
house_sales,3,86,1,no_scaling,r2,0.8036602906598513,0.010533086569096796
house_sales,3,86,2,learned,r2,0.8615713906069239,0.009073607078153953
house_sales,3,86,2,no_scaling,r2,0.8036603663245628,0.010533113317493972
house_sales,3,87,1,learned,r2,0.8628206222468491,0.010390780959683567
house_sales,3,87,1,no_scaling,r2,0.8037924932245175,0.010081041756738532
house_sales,3,87,2,learned,r2,0.8625105586838266,0.007645752304275618
house_sales,3,87,2,no_scaling,r2,0.8037925312272703,0.01008096374661032
house_sales,3,96,1,learned,r2,0.8607880827936663,0.012077444216564056
house_sales,3,96,1,no_scaling,r2,0.8063172239709268,0.011225250204336885
house_sales,3,96,2,learned,r2,0.8626143570459328,0.008306570826389312
house_sales,3,96,2,no_scaling,r2,0.8063172991056126,0.011225440428349812
house_sales,3,102,1,learned,r2,0.8637861707337249,0.008001998859123043
house_sales,3,102,1,no_scaling,r2,0.8074774666182906,0.01033569056173944
house_sales,3,102,2,learned,r2,0.8638500849725645,0.00809824428162399
house_sales,3,102,2,no_scaling,r2,0.8074775304765003,0.010335695243067124
house_sales,3,128,1,learned,r2,0.8675869716390936,0.007065650197659845
house_sales,3,128,1,no_scaling,r2,0.8096448795869096,0.010004526792474775
house_sales,3,128,2,learned,r2,0.8678305032248586,0.00931570923047618
house_sales,3,128,2,no_scaling,r2,0.8096448230289919,0.010004556782352987
house_sales,3,176,1,learned,r2,0.8698536078737364,0.0077700574081924914
house_sales,3,176,1,no_scaling,r2,0.8110334437149053,0.010091336682104567
house_sales,3,176,2,learned,r2,0.8686266417878887,0.007513414735191441
house_sales,3,176,2,no_scaling,r2,0.8110335049743457,0.010091303782238796
house_sales,3,195,1,learned,r2,0.8692181515305709,0.007601195510709077
house_sales,3,195,1,no_scaling,r2,0.8105863672523755,0.009963995254594845
house_sales,3,195,2,learned,r2,0.8691031334486427,0.008514331131001971
house_sales,3,195,2,no_scaling,r2,0.8105863937150051,0.009963976567654458
house_sales,3,206,1,learned,r2,0.8701540822092166,0.00680638463373378
house_sales,3,206,1,no_scaling,r2,0.8109131266803804,0.010009233838541364
house_sales,3,206,2,learned,r2,0.8689665299650171,0.011046907065275927
house_sales,3,206,2,no_scaling,r2,0.8109130616715945,0.01000926350652275
house_sales,3,221,1,learned,r2,0.8691036113182274,0.010134130484835241
house_sales,3,221,1,no_scaling,r2,0.8115255276257282,0.009762222937749802
house_sales,3,221,2,learned,r2,0.869869039119622,0.008656473759805576
house_sales,3,221,2,no_scaling,r2,0.8115254675914809,0.009762240942924183
house_sales,3,229,1,learned,r2,0.8700174943214126,0.008704454541971073
house_sales,3,229,1,no_scaling,r2,0.8114146302913374,0.009996470072608905
house_sales,3,229,2,learned,r2,0.8693744246147839,0.009272685504621427
house_sales,3,229,2,no_scaling,r2,0.8114146988967667,0.009996357725411471
house_sales,3,242,1,learned,r2,0.8708558421264643,0.007615206100834868
house_sales,3,242,1,no_scaling,r2,0.8107803909281557,0.010674970612519968
house_sales,3,242,2,learned,r2,0.8705758606448735,0.00840434456838113
house_sales,3,242,2,no_scaling,r2,0.8107803428531059,0.010675002140323922
house_sales,3,244,1,learned,r2,0.8704169334935632,0.008001854118149316
house_sales,3,244,1,no_scaling,r2,0.8107486993757662,0.010537098744419233
house_sales,3,244,2,learned,r2,0.8708709853735167,0.009655826579405554
house_sales,3,244,2,no_scaling,r2,0.8107487653238596,0.01053709267849604
house_sales,3,248,1,learned,r2,0.8713835283779664,0.007871315710899345
house_sales,3,248,1,no_scaling,r2,0.8107358371675945,0.010510624861228808
house_sales,3,248,2,learned,r2,0.8714679849398397,0.008114259894049215
house_sales,3,248,2,no_scaling,r2,0.8107358473234662,0.0105106215119105
house_sales,3,249,1,learned,r2,0.8711277692617161,0.007685918728145418
house_sales,3,249,1,no_scaling,r2,0.8106441120516401,0.010481007714112011
house_sales,3,249,2,learned,r2,0.8692740910207967,0.010948817651273824
house_sales,3,249,2,no_scaling,r2,0.8106440966536793,0.01048105646106627
house_sales,3,258,1,learned,r2,0.8707270715256087,0.007171146306620703
house_sales,3,258,1,no_scaling,r2,0.8107060484947576,0.010613724606771256
house_sales,3,258,2,learned,r2,0.8690129085446875,0.008149615880265032
house_sales,3,258,2,no_scaling,r2,0.8107060431039086,0.010613730758878472
house_sales,4,37,1,learned,r2,0.8275899482348577,0.022168196526798318
house_sales,4,37,1,no_scaling,r2,0.7633643233655188,0.019701818517979103
house_sales,4,37,2,learned,r2,0.8333862881421913,0.010554614213518035
house_sales,4,37,2,no_scaling,r2,0.7633641862998916,0.019702425681568936
house_sales,4,42,1,learned,r2,0.8408348703070775,0.01057395830222706
house_sales,4,42,1,no_scaling,r2,0.7746368101011374,0.012624972246546138
house_sales,4,42,2,learned,r2,0.8426451704591637,0.008703427529168544
house_sales,4,42,2,no_scaling,r2,0.7746366828544103,0.012624850383336104
house_sales,4,53,1,learned,r2,0.8528430571838275,0.008572618551187015
house_sales,4,53,1,no_scaling,r2,0.7937966463969516,0.00952651831102945
house_sales,4,53,2,learned,r2,0.8509861437548565,0.016072598338584255
house_sales,4,53,2,no_scaling,r2,0.7937972408749367,0.009525577480311388
house_sales,4,71,1,learned,r2,0.8601580645720427,0.011931238850307013
house_sales,4,71,1,no_scaling,r2,0.8075308606374223,0.009060289153050126
house_sales,4,71,2,learned,r2,0.8625779966868153,0.007809840071255991
house_sales,4,71,2,no_scaling,r2,0.8075309442907409,0.009060221298941845
house_sales,4,84,1,learned,r2,0.863886098656031,0.010167091241880926
house_sales,4,84,1,no_scaling,r2,0.8111941375742033,0.009589042802415456
house_sales,4,84,2,learned,r2,0.8642070775017527,0.010189320033281513
house_sales,4,84,2,no_scaling,r2,0.8111941986280226,0.009589107173443327
house_sales,4,86,1,learned,r2,0.8660978302526013,0.008594972417933975
house_sales,4,86,1,no_scaling,r2,0.8117686303983657,0.009638981874284313
house_sales,4,86,2,learned,r2,0.864100026094053,0.009253826373461756
house_sales,4,86,2,no_scaling,r2,0.8117686886533528,0.009639035575994208
house_sales,4,87,1,learned,r2,0.8655753585955106,0.010019916951902576
house_sales,4,87,1,no_scaling,r2,0.8119496396944262,0.009439007415753462
house_sales,4,87,2,learned,r2,0.8660923087758331,0.008293026825590893
house_sales,4,87,2,no_scaling,r2,0.8119497298833777,0.009438987677599143
house_sales,4,96,1,learned,r2,0.8671726815425602,0.009698278608797559
house_sales,4,96,1,no_scaling,r2,0.8136713414875759,0.01009119159074479
house_sales,4,96,2,learned,r2,0.8682085773230078,0.007084442845102638
house_sales,4,96,2,no_scaling,r2,0.8136713755299624,0.010091289975252757
house_sales,4,102,1,learned,r2,0.8676993272454171,0.008838927428600636
house_sales,4,102,1,no_scaling,r2,0.8148602389625473,0.009487047140945698
house_sales,4,102,2,learned,r2,0.8680995056237686,0.007725484328332351
house_sales,4,102,2,no_scaling,r2,0.8148603792148821,0.009487099058956651
house_sales,4,128,1,learned,r2,0.8692514050900961,0.008899859080796664
house_sales,4,128,1,no_scaling,r2,0.8176336526498778,0.009186660507647201
house_sales,4,128,2,learned,r2,0.8704710797781268,0.007909714293004357
house_sales,4,128,2,no_scaling,r2,0.8176336579900256,0.009186600403916268
house_sales,4,176,1,learned,r2,0.8716904573914128,0.009216930277092004
house_sales,4,176,1,no_scaling,r2,0.8194546979538255,0.008670560758144975
house_sales,4,176,2,learned,r2,0.8725761604914117,0.009169255778492251
house_sales,4,176,2,no_scaling,r2,0.8194547187756681,0.008670520882432824
house_sales,4,195,1,learned,r2,0.8725067422456922,0.008182524735237623
house_sales,4,195,1,no_scaling,r2,0.8194212714283676,0.00824153899277016
house_sales,4,195,2,learned,r2,0.873470619215419,0.008595793174272882
house_sales,4,195,2,no_scaling,r2,0.8194212862162807,0.008241479354178969
house_sales,4,206,1,learned,r2,0.873176827553403,0.007605673371538021
house_sales,4,206,1,no_scaling,r2,0.8194773531615482,0.008181195475720531
house_sales,4,206,2,learned,r2,0.8735895241674605,0.008189234705804795
house_sales,4,206,2,no_scaling,r2,0.8194772990613759,0.008181197784883137
house_sales,4,221,1,learned,r2,0.8730005901180125,0.007241325610610464
house_sales,4,221,1,no_scaling,r2,0.8200234254574358,0.008372028776253617
house_sales,4,221,2,learned,r2,0.8737962388759423,0.007470328642909906
house_sales,4,221,2,no_scaling,r2,0.8200233930799425,0.008372064790792024
house_sales,4,229,1,learned,r2,0.8747147717878876,0.006671495703679213
house_sales,4,229,1,no_scaling,r2,0.8200358436376162,0.008350006383641048
house_sales,4,229,2,learned,r2,0.8750785393688301,0.007748305109758383
house_sales,4,229,2,no_scaling,r2,0.8200358838340616,0.008349946495320016
house_sales,4,242,1,learned,r2,0.8739326173079147,0.007783175088460563
house_sales,4,242,1,no_scaling,r2,0.8196915640434271,0.007924772461288258
house_sales,4,242,2,learned,r2,0.8741754931488221,0.007318539729808406
house_sales,4,242,2,no_scaling,r2,0.8196915241072231,0.007924817139204834
house_sales,4,244,1,learned,r2,0.8744710700837581,0.007419128502971546
house_sales,4,244,1,no_scaling,r2,0.8195977983873028,0.007818241004485832
house_sales,4,244,2,learned,r2,0.87413539491153,0.00868511640703
house_sales,4,244,2,no_scaling,r2,0.8195978455242667,0.007818225296991504
house_sales,4,248,1,learned,r2,0.8752975537020685,0.006218442983502131
house_sales,4,248,1,no_scaling,r2,0.8195890292669962,0.007940377136152175
house_sales,4,248,2,learned,r2,0.8739532246222004,0.006207216750841305
house_sales,4,248,2,no_scaling,r2,0.819589040216519,0.007940380236208647
house_sales,4,249,1,learned,r2,0.8741085067369723,0.007990038364199006
house_sales,4,249,1,no_scaling,r2,0.8196294199386822,0.007845423576021773
house_sales,4,249,2,learned,r2,0.873322485056091,0.00892304509972038
house_sales,4,249,2,no_scaling,r2,0.8196294011330941,0.00784544136574679
house_sales,4,258,1,learned,r2,0.8748118962737179,0.006857802047656288
house_sales,4,258,1,no_scaling,r2,0.8195206376772115,0.007893848533043967
house_sales,4,258,2,learned,r2,0.8737986562814806,0.007594767437509819
house_sales,4,258,2,no_scaling,r2,0.819520644489964,0.007893828290638815
sulfur,3,22,1,learned,r2,0.8663327137662543,0.07686406570251048
sulfur,3,22,1,no_scaling,r2,0.8756397700520282,0.03738449516206392
sulfur,3,22,2,learned,r2,0.8566482156470947,0.0681981244319819
sulfur,3,22,2,no_scaling,r2,0.8756397901187268,0.037384438367492515
sulfur,3,23,1,learned,r2,0.87467299825389,0.031239893553199487
sulfur,3,23,1,no_scaling,r2,0.8743998071382981,0.03798869224794433
sulfur,3,23,2,learned,r2,0.8741785249882019,0.03369616496037279
sulfur,3,23,2,no_scaling,r2,0.874399699604823,0.0379884894097203
sulfur,3,26,1,learned,r2,0.863258468931936,0.08482808920142187
sulfur,3,26,1,no_scaling,r2,0.8797856202194666,0.03539240464196412
sulfur,3,26,2,learned,r2,0.8596689273555869,0.06873274045922474
sulfur,3,26,2,no_scaling,r2,0.8797856602345938,0.035392348595248306
sulfur,3,27,1,learned,r2,0.8779140018355658,0.030920534907198118
sulfur,3,27,1,no_scaling,r2,0.8823366436587511,0.03469489609692199
sulfur,3,27,2,learned,r2,0.877189185398804,0.029166239048627713
sulfur,3,27,2,no_scaling,r2,0.8823366617791288,0.03469489088784191
sulfur,3,32,1,learned,r2,0.8699436938173637,0.0724666113642047
sulfur,3,32,1,no_scaling,r2,0.884128731188558,0.038142121928283056
sulfur,3,32,2,learned,r2,0.8553821359953003,0.07765375911376123
sulfur,3,32,2,no_scaling,r2,0.8841287148268838,0.038142124337239125
sulfur,3,44,1,learned,r2,0.8854688829875912,0.05081322291077147
sulfur,3,44,1,no_scaling,r2,0.8888054256100639,0.049684605276815993
sulfur,3,44,2,learned,r2,0.8798904200026554,0.04830513092673145
sulfur,3,44,2,no_scaling,r2,0.8888053453252484,0.04968487021941962
sulfur,3,53,1,learned,r2,0.8715420026311541,0.05241907480151712
sulfur,3,53,1,no_scaling,r2,0.8847658994335876,0.055223425047035514
sulfur,3,53,2,learned,r2,0.8845175917146229,0.0551860652426249
sulfur,3,53,2,no_scaling,r2,0.8847659628476057,0.05522326960035105
sulfur,3,58,1,learned,r2,0.8676918638342391,0.0785675965924832
sulfur,3,58,1,no_scaling,r2,0.88318579921579,0.05791510331371348
sulfur,3,58,2,learned,r2,0.881511474859748,0.05794269994078661
sulfur,3,58,2,no_scaling,r2,0.883185782516032,0.05791507720400789
sulfur,3,60,1,learned,r2,0.866215905588217,0.07721586553813103
sulfur,3,60,1,no_scaling,r2,0.8820473114454586,0.05853497151763256
sulfur,3,60,2,learned,r2,0.8742789699427396,0.058946688857302455
sulfur,3,60,2,no_scaling,r2,0.882047368514303,0.058534841585763935
sulfur,3,61,1,learned,r2,0.8784587461531196,0.05800383600177322
sulfur,3,61,1,no_scaling,r2,0.8819215581485771,0.05867790496507128
sulfur,3,61,2,learned,r2,0.8838159871781238,0.059273993967576835
sulfur,3,61,2,no_scaling,r2,0.8819216612553934,0.05867766662808037
sulfur,3,69,1,learned,r2,0.8742057313409759,0.060465545532480396
sulfur,3,69,1,no_scaling,r2,0.8804842384606542,0.06179772285396092
sulfur,3,69,2,learned,r2,0.8784366881567764,0.06255156752138981
sulfur,3,69,2,no_scaling,r2,0.880484254099519,0.061797641467506104
sulfur,3,77,1,learned,r2,0.8734983489554029,0.06193833475087913
sulfur,3,77,1,no_scaling,r2,0.8792595248415843,0.06240671564578273
sulfur,3,77,2,learned,r2,0.8699124513125657,0.08405933028321944
sulfur,3,77,2,no_scaling,r2,0.8792595751489971,0.06240661406462135
sulfur,3,79,1,learned,r2,0.8688382624036425,0.0641896352600564
sulfur,3,79,1,no_scaling,r2,0.8781355373517398,0.06472626094073977
sulfur,3,79,2,learned,r2,0.8791002375861041,0.06526365849733606
sulfur,3,79,2,no_scaling,r2,0.8781355345011075,0.06472628908678653
sulfur,3,90,1,learned,r2,0.8767165731319084,0.06577884449934863
sulfur,3,90,1,no_scaling,r2,0.8766329894678069,0.0655055482292351
sulfur,3,90,2,learned,r2,0.8718163337062471,0.0687855153643292
sulfur,3,90,2,no_scaling,r2,0.8766329612976149,0.06550556564242206
sulfur,3,93,1,learned,r2,0.8718935702588286,0.06514752882996151
sulfur,3,93,1,no_scaling,r2,0.8764114432633437,0.0656400350784411
sulfur,3,93,2,learned,r2,0.8628087687483186,0.08735602770693836
sulfur,3,93,2,no_scaling,r2,0.8764114799892475,0.06563999802611782
sulfur,3,95,1,learned,r2,0.8686522327664988,0.08726652399788423
sulfur,3,95,1,no_scaling,r2,0.8760699336336286,0.06564565087984808
sulfur,3,95,2,learned,r2,0.8704370244148407,0.06899941602005753
sulfur,3,95,2,no_scaling,r2,0.8760699914866006,0.06564565832488646
sulfur,3,100,1,learned,r2,0.8708782461050089,0.06537299000880711
sulfur,3,100,1,no_scaling,r2,0.8757508645990593,0.06578463815140188
sulfur,3,100,2,learned,r2,0.8666167299803227,0.08710932387721859
sulfur,3,100,2,no_scaling,r2,0.8757508488152814,0.06578472352609617
sulfur,3,102,1,learned,r2,0.8648403944817294,0.08541768618422863
sulfur,3,102,1,no_scaling,r2,0.8752946341882104,0.06773838692984042
sulfur,3,102,2,learned,r2,0.8613677850601912,0.08781540799289278
sulfur,3,102,2,no_scaling,r2,0.8752946162728262,0.06773839653733608
sulfur,3,103,1,learned,r2,0.8765511626496492,0.06804069362484376
sulfur,3,103,1,no_scaling,r2,0.8756479156777542,0.06771764223516069
sulfur,3,103,2,learned,r2,0.860345433247198,0.08886485631304514
sulfur,3,103,2,no_scaling,r2,0.8756478864141666,0.06771756399444392
sulfur,3,105,1,learned,r2,0.8758756799604024,0.0675609255334732
sulfur,3,105,1,no_scaling,r2,0.8758279606837853,0.06768241404782203
sulfur,3,105,2,learned,r2,0.8716615628473885,0.06495647036208237
sulfur,3,105,2,no_scaling,r2,0.8758279672823959,0.06768237919809969
sulfur,4,22,1,learned,r2,0.8559121966178971,0.07216281481991114
sulfur,4,22,1,no_scaling,r2,0.8643687762951593,0.03669478128329589
sulfur,4,22,2,learned,r2,0.8606184795868496,0.037859587063638275
sulfur,4,22,2,no_scaling,r2,0.8643688080209639,0.03669475501669684
sulfur,4,23,1,learned,r2,0.8607376710750737,0.037485037338583944
sulfur,4,23,1,no_scaling,r2,0.864165429761169,0.03832016143404563
sulfur,4,23,2,learned,r2,0.8514535570909848,0.07326501290786161
sulfur,4,23,2,no_scaling,r2,0.8641653699611733,0.038320086166046215
sulfur,4,26,1,learned,r2,0.8713709629118608,0.03804143906018719
sulfur,4,26,1,no_scaling,r2,0.8690662734610017,0.03797659979607833
sulfur,4,26,2,learned,r2,0.8552636481558352,0.07226126390664844
sulfur,4,26,2,no_scaling,r2,0.8690663012995952,0.037976534497232754
sulfur,4,27,1,learned,r2,0.8593077233028076,0.07518065921813245
sulfur,4,27,1,no_scaling,r2,0.8699563403664066,0.038696748901727085
sulfur,4,27,2,learned,r2,0.8733028830600101,0.03760433054246652
sulfur,4,27,2,no_scaling,r2,0.8699563556853445,0.03869675828797797
sulfur,4,32,1,learned,r2,0.8522529884369752,0.07985725721227672
sulfur,4,32,1,no_scaling,r2,0.874217152961594,0.04248673954606763
sulfur,4,32,2,learned,r2,0.8626839444618384,0.07272890382642651
sulfur,4,32,2,no_scaling,r2,0.8742171194727353,0.042486732500702805
sulfur,4,44,1,learned,r2,0.8694170824939877,0.08253108849385883
sulfur,4,44,1,no_scaling,r2,0.8790969669710584,0.05717899133287285
sulfur,4,44,2,learned,r2,0.8741547028185039,0.0556867691251484
sulfur,4,44,2,no_scaling,r2,0.8790969040741482,0.057179218576961
sulfur,4,53,1,learned,r2,0.8706354109077059,0.06201291958818372
sulfur,4,53,1,no_scaling,r2,0.8740291320410778,0.06208773850769858
sulfur,4,53,2,learned,r2,0.8644536340397112,0.08104291381523321
sulfur,4,53,2,no_scaling,r2,0.8740291884667272,0.062087588889202676
sulfur,4,58,1,learned,r2,0.8719987713938986,0.06368179189502414
sulfur,4,58,1,no_scaling,r2,0.8727891990180195,0.06389437936727435
sulfur,4,58,2,learned,r2,0.8727891976737776,0.06389437002151059
sulfur,4,58,2,no_scaling,r2,0.8727891976737776,0.06389437002151059
sulfur,4,60,1,learned,r2,0.8689997345167516,0.06345885466059514
sulfur,4,60,1,no_scaling,r2,0.8721003928446786,0.06419146850404724
sulfur,4,60,2,learned,r2,0.8659321099107226,0.07903578493456911
sulfur,4,60,2,no_scaling,r2,0.872100439851765,0.06419136435853476
sulfur,4,61,1,learned,r2,0.8676582828519666,0.0645588583870643
sulfur,4,61,1,no_scaling,r2,0.8718490760639493,0.0646842092169299
sulfur,4,61,2,learned,r2,0.8659619273826153,0.06406839965476749
sulfur,4,61,2,no_scaling,r2,0.8718491624292295,0.06468400564832431
sulfur,4,69,1,learned,r2,0.8662200349549872,0.06753342810649149
sulfur,4,69,1,no_scaling,r2,0.8694555489928615,0.06863080548459603
sulfur,4,69,2,learned,r2,0.8669036473176417,0.08205398682240651
sulfur,4,69,2,no_scaling,r2,0.86945554854766,0.06863073768606359
sulfur,4,77,1,learned,r2,0.8696786437530344,0.0695529561986552
sulfur,4,77,1,no_scaling,r2,0.8680798558820328,0.06890789557597654
sulfur,4,77,2,learned,r2,0.8694862038658199,0.0712957721444689
sulfur,4,77,2,no_scaling,r2,0.8680799022399814,0.06890781123454885
sulfur,4,79,1,learned,r2,0.8683823986609298,0.07007978316554117
sulfur,4,79,1,no_scaling,r2,0.8675766273625701,0.06999236616760181
sulfur,4,79,2,learned,r2,0.8630547674116462,0.07030214527779431
sulfur,4,79,2,no_scaling,r2,0.8675766281132657,0.06999239033430563
sulfur,4,90,1,learned,r2,0.8548776050710956,0.08573939983412111
sulfur,4,90,1,no_scaling,r2,0.8659934343011214,0.0700819748974335
sulfur,4,90,2,learned,r2,0.8646430150671645,0.07248036744208909
sulfur,4,90,2,no_scaling,r2,0.8659934010872847,0.07008198393617836
sulfur,4,93,1,learned,r2,0.8637903668996166,0.07080312828523659
sulfur,4,93,1,no_scaling,r2,0.8655998222801957,0.07035593908294159
sulfur,4,93,2,learned,r2,0.8631631396047869,0.0701164602182162
sulfur,4,93,2,no_scaling,r2,0.8655998580938551,0.07035592569381158
sulfur,4,95,1,learned,r2,0.8586440096827218,0.08556678071873633
sulfur,4,95,1,no_scaling,r2,0.8654921315951825,0.0698047173415369
sulfur,4,95,2,learned,r2,0.8674168279689235,0.07100289549583017
sulfur,4,95,2,no_scaling,r2,0.8654921775546656,0.06980472091299049
sulfur,4,100,1,learned,r2,0.8555052361497418,0.08654567192148585
sulfur,4,100,1,no_scaling,r2,0.8653960569524533,0.0693724197985232
sulfur,4,100,2,learned,r2,0.8594723465869107,0.08745194632318977
sulfur,4,100,2,no_scaling,r2,0.8653960441293845,0.06937247784826514
sulfur,4,102,1,learned,r2,0.8557667199305898,0.08726615543597183
sulfur,4,102,1,no_scaling,r2,0.864996917690644,0.07080759706886311
sulfur,4,102,2,learned,r2,0.8616119424217293,0.07599594044845166
sulfur,4,102,2,no_scaling,r2,0.8649969046203172,0.07080759862279179
sulfur,4,103,1,learned,r2,0.8546689356697478,0.09033589182779879
sulfur,4,103,1,no_scaling,r2,0.8650930879335554,0.07073769261632026
sulfur,4,103,2,learned,r2,0.8599904821298278,0.0841640249256686
sulfur,4,103,2,no_scaling,r2,0.8650930753472613,0.07073764452288889
sulfur,4,105,1,learned,r2,0.859512180544562,0.07087282149940599
sulfur,4,105,1,no_scaling,r2,0.8652606501913075,0.07094074231525438
sulfur,4,105,2,learned,r2,0.858518996740919,0.07636771599562146
sulfur,4,105,2,no_scaling,r2,0.8652606534443077,0.0709407225213015
